[{"model": "catalogue.category", "pk": 1, "fields": {"path": "00050002", "depth": 2, "numchild": 2, "name": "Johnson Evinrude Outboard", "description": "", "image": "", "slug": "johnson-evinrude-outboard1955-present", "diagram_image": ""}}, {"model": "catalogue.category", "pk": 2, "fields": {"path": "000500020002", "depth": 3, "numchild": 1, "name": "2011", "description": "", "image": "", "slug": "2011", "diagram_image": ""}}, {"model": "catalogue.category", "pk": 3, "fields": {"path": "0005000200020001", "depth": 4, "numchild": 1, "name": "300 hp", "description": "", "image": "", "slug": "300-hp", "diagram_image": ""}}, {"model": "catalogue.category", "pk": 4, "fields": {"path": "00050002000200010001", "depth": 5, "numchild": 2, "name": "Model DE300CXIIC", "description": "", "image": "", "slug": "model-de300cxiic", "diagram_image": ""}}, {"model": "catalogue.category", "pk": 5, "fields": {"path": "000500020002000100010001", "depth": 6, "numchild": 0, "name": "Air Silencer", "description": "", "image": "", "slug": "air-silencer", "diagram_image": ""}}, {"model": "catalogue.category", "pk": 6, "fields": {"path": "000500020002000100010002", "depth": 6, "numchild": 0, "name": "Cooling Hoses", "description": "", "image": "", "slug": "cooling-hoses", "diagram_image": "categories/diagram_and_parts_2_OGcsiyF.jpg"}}, {"model": "catalogue.category", "pk": 7, "fields": {"path": "00050001", "depth": 2, "numchild": 1, "name": "Mercury Outboard", "description": "", "image": "", "slug": "mercury-outboard-1960-present", "diagram_image": ""}}, {"model": "catalogue.category", "pk": 8, "fields": {"path": "000500010001", "depth": 3, "numchild": 1, "name": "2 HP (Export)", "description": "", "image": "", "slug": "2-hp-export", "diagram_image": ""}}, {"model": "catalogue.category", "pk": 9, "fields": {"path": "0005000100010001", "depth": 4, "numchild": 1, "name": "0G413201 & Up", "description": "", "image": "", "slug": "0g413201-up", "diagram_image": ""}}, {"model": "catalogue.category", "pk": 10, "fields": {"path": "00050001000100010001", "depth": 5, "numchild": 0, "name": "Cowling / Recoil Starter", "description": "", "image": "", "slug": "cowling-recoil-starter", "diagram_image": "categories/diagram_and_parts_2_M1r3gHz.jpg"}}, {"model": "catalogue.category", "pk": 11, "fields": {"path": "00080001", "depth": 2, "numchild": 1, "name": "All Engine & Drive Models", "description": "", "image": "", "slug": "all-engine-drive-models", "diagram_image": ""}}, {"model": "catalogue.category", "pk": 12, "fields": {"path": "000800010001", "depth": 3, "numchild": 1, "name": "60 Renault   68 I / L4 1965-1968", "description": "", "image": "", "slug": "60-renault-68-i-l4-1965-1968", "diagram_image": ""}}, {"model": "catalogue.category", "pk": 13, "fields": {"path": "0008000100010001", "depth": 4, "numchild": 1, "name": "1887079 - 2049044", "description": "", "image": "", "slug": "1887079-2049044", "diagram_image": ""}}, {"model": "catalogue.category", "pk": 14, "fields": {"path": "00080001000100010001", "depth": 5, "numchild": 0, "name": "Accessories 1", "description": "", "image": "", "slug": "accessories", "diagram_image": "categories/diagram_and_parts_2_VSPE8NS.jpg"}}, {"model": "catalogue.category", "pk": 15, "fields": {"path": "000500020001", "depth": 3, "numchild": 1, "name": "2012", "description": "", "image": "", "slug": "2012", "diagram_image": ""}}, {"model": "catalogue.category", "pk": 16, "fields": {"path": "0005000200010001", "depth": 4, "numchild": 0, "name": "300hp", "description": "", "image": "", "slug": "300hp", "diagram_image": ""}}, {"model": "catalogue.category", "pk": 17, "fields": {"path": "0005", "depth": 1, "numchild": 2, "name": "Brands", "description": "", "image": "", "slug": "brands", "diagram_image": ""}}, {"model": "catalogue.category", "pk": 18, "fields": {"path": "0007", "depth": 1, "numchild": 15, "name": "Categories", "description": "", "image": "", "slug": "categories", "diagram_image": ""}}, {"model": "catalogue.category", "pk": 19, "fields": {"path": "0008", "depth": 1, "numchild": 1, "name": "Accessories", "description": "", "image": "", "slug": "accessories", "diagram_image": ""}}, {"model": "catalogue.category", "pk": 20, "fields": {"path": "000A", "depth": 1, "numchild": 4, "name": "Best Sellers", "description": "", "image": "", "slug": "best-sellers", "diagram_image": ""}}, {"model": "catalogue.category", "pk": 21, "fields": {"path": "00070001", "depth": 2, "numchild": 0, "name": "Anchor & Dock Acc", "description": "", "image": "categories/anchor-dock.png", "slug": "anchor-dock-acc", "diagram_image": ""}}, {"model": "catalogue.category", "pk": 22, "fields": {"path": "00070002", "depth": 2, "numchild": 0, "name": "Electrical", "description": "", "image": "categories/electric.png", "slug": "electrical", "diagram_image": ""}}, {"model": "catalogue.category", "pk": 23, "fields": {"path": "00070003", "depth": 2, "numchild": 0, "name": "Fuel System", "description": "", "image": "categories/fuel-system.png", "slug": "fuel-system", "diagram_image": ""}}, {"model": "catalogue.category", "pk": 24, "fields": {"path": "00070004", "depth": 2, "numchild": 0, "name": "Watersports", "description": "", "image": "categories/water-sports.png", "slug": "watersports", "diagram_image": ""}}, {"model": "catalogue.category", "pk": 25, "fields": {"path": "00070005", "depth": 2, "numchild": 0, "name": "Safety", "description": "", "image": "categories/safety.png", "slug": "safety", "diagram_image": ""}}, {"model": "catalogue.category", "pk": 26, "fields": {"path": "00070006", "depth": 2, "numchild": 0, "name": "Maintenance", "description": "", "image": "categories/manteniance.png", "slug": "maintenance", "diagram_image": ""}}, {"model": "catalogue.category", "pk": 27, "fields": {"path": "00070007", "depth": 2, "numchild": 0, "name": "Winterizing", "description": "", "image": "categories/winterizing.png", "slug": "winterizing", "diagram_image": ""}}, {"model": "catalogue.category", "pk": 28, "fields": {"path": "00070008", "depth": 2, "numchild": 0, "name": "Trailering", "description": "", "image": "categories/trailering.png", "slug": "trailering", "diagram_image": ""}}, {"model": "catalogue.category", "pk": 29, "fields": {"path": "00070009", "depth": 2, "numchild": 0, "name": "Steering & Controls", "description": "", "image": "categories/stering-controls.png", "slug": "steering-controls", "diagram_image": ""}}, {"model": "catalogue.category", "pk": 30, "fields": {"path": "0007000A", "depth": 2, "numchild": 0, "name": "Propellers", "description": "", "image": "categories/propellers.png", "slug": "propellers", "diagram_image": ""}}, {"model": "catalogue.category", "pk": 31, "fields": {"path": "0007000B", "depth": 2, "numchild": 0, "name": "General Boating", "description": "", "image": "categories/general-boating.png", "slug": "general-boating", "diagram_image": ""}}, {"model": "catalogue.category", "pk": 32, "fields": {"path": "0007000C", "depth": 2, "numchild": 0, "name": "Hardware", "description": "", "image": "categories/hadware.png", "slug": "hardware", "diagram_image": ""}}, {"model": "catalogue.category", "pk": 33, "fields": {"path": "0007000D", "depth": 2, "numchild": 0, "name": "Maintenance Paint", "description": "", "image": "categories/manteniance-paint.png", "slug": "maintenance-paint", "diagram_image": ""}}, {"model": "catalogue.category", "pk": 34, "fields": {"path": "0007000E", "depth": 2, "numchild": 0, "name": "Navigation", "description": "", "image": "categories/navigation.png", "slug": "navigation", "diagram_image": ""}}, {"model": "catalogue.category", "pk": 35, "fields": {"path": "0007000F", "depth": 2, "numchild": 0, "name": "Chairs & Tables", "description": "", "image": "categories/chairs-table.png", "slug": "chairs-tables", "diagram_image": ""}}, {"model": "catalogue.category", "pk": 36, "fields": {"path": "000A0001", "depth": 2, "numchild": 0, "name": "Gearcases", "description": "", "image": "categories/gearcases.png", "slug": "gearcases", "diagram_image": ""}}, {"model": "catalogue.category", "pk": 37, "fields": {"path": "000A0002", "depth": 2, "numchild": 0, "name": "Powerheads", "description": "", "image": "categories/powerheads.png", "slug": "powerheads", "diagram_image": ""}}, {"model": "catalogue.category", "pk": 38, "fields": {"path": "000A0003", "depth": 2, "numchild": 0, "name": "Extension Kits", "description": "", "image": "categories/extension_kits.png", "slug": "extension-kits", "diagram_image": ""}}, {"model": "catalogue.category", "pk": 39, "fields": {"path": "000A0004", "depth": 2, "numchild": 0, "name": "Generator Rewind", "description": "", "image": "categories/generator.png", "slug": "generator-rewind", "diagram_image": ""}}, {"model": "catalogue.product", "pk": 1, "fields": {"structure": "standalone", "upc": "zcxzx", "parent": null, "title": "Mi producto", "slug": "mi-producto", "description": "<p>zxczxczxc</p>", "product_class": 1, "rating": null, "date_created": "2017-12-07T13:37:52.522Z", "date_updated": "2017-12-07T13:42:34.046Z", "is_discountable": true, "product_options": []}}, {"model": "catalogue.product", "pk": 2, "fields": {"structure": "standalone", "upc": "", "parent": null, "title": "2189-832500A 1 - TOP COWL ASSEMBLY O", "slug": "2189-832500a-1-top-cowl-assembly-o", "description": "", "product_class": 2, "rating": null, "date_created": "2017-12-11T19:37:55.139Z", "date_updated": "2018-02-02T13:36:53.681Z", "is_discountable": true, "product_options": []}}, {"model": "catalogue.product", "pk": 3, "fields": {"structure": "standalone", "upc": "", "parent": null, "title": "2189-832500A 2 - TOP COWL ASSEMBLY O", "slug": "2189-832500a-2-top-cowl-assembly-o", "description": "", "product_class": 2, "rating": null, "date_created": "2017-12-11T19:37:55.333Z", "date_updated": "2018-02-02T13:38:49.630Z", "is_discountable": true, "product_options": []}}, {"model": "catalogue.product", "pk": 4, "fields": {"structure": "standalone", "upc": "", "parent": null, "title": "2189-832498A 1 - TOP COWL ASSEMBLY O", "slug": "2189-832498a-1-top-cowl-assembly-o", "description": "", "product_class": 2, "rating": null, "date_created": "2017-12-11T19:37:55.519Z", "date_updated": "2018-01-30T14:35:50.918Z", "is_discountable": true, "product_options": []}}, {"model": "catalogue.product", "pk": 5, "fields": {"structure": "standalone", "upc": "", "parent": null, "title": "2189-832498A 2 - TOP COWL ASSEMBLY O", "slug": "2189-832498a-2-top-cowl-assembly-o", "description": "", "product_class": 2, "rating": null, "date_created": "2017-12-11T19:37:55.630Z", "date_updated": "2018-02-02T13:41:17.824Z", "is_discountable": true, "product_options": []}}, {"model": "catalogue.product", "pk": 6, "fields": {"structure": "standalone", "upc": "", "parent": null, "title": "25-832499 - PLATE Rubber O NLA", "slug": "25-832499-plate-rubber-o-nla", "description": "", "product_class": 2, "rating": null, "date_created": "2017-12-11T19:37:55.742Z", "date_updated": "2018-02-02T13:48:09.641Z", "is_discountable": true, "product_options": []}}, {"model": "catalogue.product", "pk": 7, "fields": {"structure": "standalone", "upc": "", "parent": null, "title": "11-832501 - NUT O NLA", "slug": "11-832501-nut-o-nla", "description": "", "product_class": 2, "rating": null, "date_created": "2017-12-11T19:37:55.854Z", "date_updated": "2018-02-02T13:58:24.178Z", "is_discountable": true, "product_options": []}}, {"model": "catalogue.product", "pk": 8, "fields": {"structure": "standalone", "upc": "", "parent": null, "title": "832502A 1 - DOOR O", "slug": "832502a-1-door-o", "description": "", "product_class": 2, "rating": null, "date_created": "2017-12-11T19:37:55.964Z", "date_updated": "2017-12-11T19:37:56.062Z", "is_discountable": true, "product_options": []}}, {"model": "catalogue.product", "pk": 9, "fields": {"structure": "standalone", "upc": "", "parent": null, "title": "832502A 2 - DOOR O", "slug": "832502a-2-door-o", "description": "", "product_class": 2, "rating": null, "date_created": "2017-12-11T19:37:56.075Z", "date_updated": "2018-02-02T13:43:33.345Z", "is_discountable": true, "product_options": []}}, {"model": "catalogue.product", "pk": 10, "fields": {"structure": "standalone", "upc": "", "parent": null, "title": "10-832362 - SCREW O NLA", "slug": "10-832362-screw-o-nla", "description": "", "product_class": 2, "rating": null, "date_created": "2017-12-11T19:37:56.186Z", "date_updated": "2017-12-11T19:37:56.284Z", "is_discountable": true, "product_options": []}}, {"model": "catalogue.product", "pk": 11, "fields": {"structure": "standalone", "upc": "", "parent": null, "title": "10-832370 - BOLT O NLA", "slug": "10-832370-bolt-o-nla", "description": "", "product_class": 2, "rating": null, "date_created": "2017-12-11T19:37:56.298Z", "date_updated": "2017-12-11T19:37:56.394Z", "is_discountable": true, "product_options": []}}, {"model": "catalogue.product", "pk": 12, "fields": {"structure": "standalone", "upc": "", "parent": null, "title": "10-832371 - BOLT O NLA", "slug": "10-832371-bolt-o-nla", "description": "", "product_class": 2, "rating": null, "date_created": "2017-12-11T19:37:56.408Z", "date_updated": "2018-02-02T13:45:33.130Z", "is_discountable": true, "product_options": []}}, {"model": "catalogue.product", "pk": 13, "fields": {"structure": "standalone", "upc": "", "parent": null, "title": "10-832392 - SCREW Self Tappin O NLA", "slug": "10-832392-screw-self-tappin-o-nla", "description": "", "product_class": 2, "rating": null, "date_created": "2017-12-11T19:37:56.518Z", "date_updated": "2018-02-02T13:56:07.391Z", "is_discountable": true, "product_options": []}}, {"model": "catalogue.product", "pk": 14, "fields": {"structure": "standalone", "upc": "", "parent": null, "title": "832483 - STARTER ASSEMBLY O", "slug": "832483-starter-assembly-o", "description": "", "product_class": 2, "rating": null, "date_created": "2017-12-11T19:37:57.098Z", "date_updated": "2017-12-11T19:37:57.196Z", "is_discountable": true, "product_options": []}}, {"model": "catalogue.product", "pk": 15, "fields": {"structure": "standalone", "upc": "", "parent": null, "title": "50-832486 - ROPE O NLA", "slug": "50-832486-rope-o-nla", "description": "", "product_class": 2, "rating": null, "date_created": "2017-12-11T19:37:57.210Z", "date_updated": "2018-02-02T13:57:32.835Z", "is_discountable": true, "product_options": []}}, {"model": "catalogue.product", "pk": 16, "fields": {"structure": "standalone", "upc": "", "parent": null, "title": "832487 - HANDLE O NLA", "slug": "832487-handle-o-nla", "description": "", "product_class": 2, "rating": null, "date_created": "2017-12-11T19:37:57.321Z", "date_updated": "2017-12-11T19:37:57.418Z", "is_discountable": true, "product_options": []}}, {"model": "catalogue.product", "pk": 17, "fields": {"structure": "standalone", "upc": "", "parent": null, "title": "29071A 1 - WHEEL ASSY O NLA", "slug": "29071a-1-wheel-assy-o-nla", "description": "", "product_class": 2, "rating": null, "date_created": "2017-12-11T19:40:29.611Z", "date_updated": "2018-01-26T15:41:30.905Z", "is_discountable": true, "product_options": []}}, {"model": "catalogue.product", "pk": 18, "fields": {"structure": "standalone", "upc": "", "parent": null, "title": "29401A 1 - WHEEL ASSY O NLA", "slug": "29401a-1-wheel-assy-o-nla", "description": "", "product_class": 2, "rating": null, "date_created": "2017-12-11T19:40:29.846Z", "date_updated": "2018-01-26T15:41:08.215Z", "is_discountable": true, "product_options": []}}, {"model": "catalogue.product", "pk": 19, "fields": {"structure": "standalone", "upc": "", "parent": null, "title": "32402A 1 - WHEEL ASSY O NLA", "slug": "32402a-1-wheel-assy-o-nla", "description": "", "product_class": 2, "rating": null, "date_created": "2017-12-11T19:40:29.957Z", "date_updated": "2018-01-26T15:25:20.514Z", "is_discountable": true, "product_options": []}}, {"model": "catalogue.product", "pk": 20, "fields": {"structure": "standalone", "upc": "", "parent": null, "title": "32401A 1 - WHEEL ASSY O NLA", "slug": "32401a-1-wheel-assy-o-nla", "description": "", "product_class": 2, "rating": null, "date_created": "2017-12-11T19:40:30.068Z", "date_updated": "2018-01-26T15:55:16.519Z", "is_discountable": true, "product_options": []}}, {"model": "catalogue.product", "pk": 21, "fields": {"structure": "standalone", "upc": "", "parent": null, "title": "34659A 2 - 34659A 2 - WHEEL ASSY O", "slug": "34659a-2-34659a-2-wheel-assy-o", "description": "", "product_class": 2, "rating": null, "date_created": "2017-12-11T19:40:30.179Z", "date_updated": "2018-01-26T15:22:38.514Z", "is_discountable": true, "product_options": []}}, {"model": "catalogue.product", "pk": 22, "fields": {"structure": "standalone", "upc": "", "parent": null, "title": "34659A 4 - WHEEL ASSY O NLA", "slug": "34659a-4-wheel-assy-o-nla", "description": "", "product_class": 2, "rating": null, "date_created": "2017-12-11T19:40:30.290Z", "date_updated": "2018-01-26T15:26:13.210Z", "is_discountable": true, "product_options": []}}, {"model": "catalogue.product", "pk": 23, "fields": {"structure": "standalone", "upc": "", "parent": null, "title": "32399A 1 - 32399A 1 - MOUNT ASSY O", "slug": "32399a-1-32399a-1-mount-assy-o", "description": "", "product_class": 2, "rating": null, "date_created": "2017-12-11T19:40:30.401Z", "date_updated": "2018-01-26T15:26:49.757Z", "is_discountable": true, "product_options": []}}, {"model": "catalogue.product", "pk": 24, "fields": {"structure": "standalone", "upc": "", "parent": null, "title": "49003A 1 - Mount Assembly", "slug": "49003a-1-mount-assembly", "description": "", "product_class": 2, "rating": null, "date_created": "2017-12-11T19:40:30.512Z", "date_updated": "2018-01-26T15:28:23.812Z", "is_discountable": true, "product_options": []}}, {"model": "catalogue.product", "pk": 25, "fields": {"structure": "standalone", "upc": "", "parent": null, "title": "49003A 2 - Rg Mount Assembly", "slug": "49003a-2-rg-mount-assembly", "description": "", "product_class": 2, "rating": null, "date_created": "2017-12-11T19:40:30.623Z", "date_updated": "2018-01-26T15:29:07.636Z", "is_discountable": true, "product_options": []}}, {"model": "catalogue.product", "pk": 26, "fields": {"structure": "standalone", "upc": "", "parent": null, "title": "49003A 5 - Mount Assembly", "slug": "49003a-5-mount-assembly", "description": "", "product_class": 2, "rating": null, "date_created": "2017-12-11T19:40:30.734Z", "date_updated": "2018-01-26T15:30:44.399Z", "is_discountable": true, "product_options": []}}, {"model": "catalogue.product", "pk": 27, "fields": {"structure": "standalone", "upc": "", "parent": null, "title": "32400A 1 - 32400A 1 - MOUNT ASSY O", "slug": "32400a-1-32400a-1-mount-assy-o", "description": "", "product_class": 2, "rating": null, "date_created": "2017-12-11T19:40:30.845Z", "date_updated": "2018-01-26T15:32:20.609Z", "is_discountable": true, "product_options": []}}, {"model": "catalogue.product", "pk": 28, "fields": {"structure": "standalone", "upc": "", "parent": null, "title": "49004A 1 - Mount Assembly", "slug": "49004a-1-mount-assembly", "description": "", "product_class": 2, "rating": null, "date_created": "2017-12-11T19:40:30.957Z", "date_updated": "2018-01-26T15:33:17.301Z", "is_discountable": true, "product_options": []}}, {"model": "catalogue.product", "pk": 29, "fields": {"structure": "standalone", "upc": "", "parent": null, "title": "49004A 2 - Rg Mount Assembly", "slug": "49004a-2-rg-mount-assembly", "description": "", "product_class": 2, "rating": null, "date_created": "2017-12-11T19:40:31.068Z", "date_updated": "2018-01-26T15:32:57.527Z", "is_discountable": true, "product_options": []}}, {"model": "catalogue.product", "pk": 30, "fields": {"structure": "standalone", "upc": "", "parent": null, "title": "49004A 5 - MOUNT ASSY O NLA", "slug": "49004a-5-mount-assy-o-nla", "description": "", "product_class": 2, "rating": null, "date_created": "2017-12-11T19:40:31.180Z", "date_updated": "2018-01-26T15:33:43.081Z", "is_discountable": true, "product_options": []}}, {"model": "catalogue.product", "pk": 31, "fields": {"structure": "standalone", "upc": "", "parent": null, "title": "34667A 1 - 34667A 1 - MOUNT ASSY O", "slug": "34667a-1-34667a-1-mount-assy-o", "description": "", "product_class": 2, "rating": null, "date_created": "2017-12-11T19:40:31.291Z", "date_updated": "2018-01-26T15:34:01.570Z", "is_discountable": true, "product_options": []}}, {"model": "catalogue.product", "pk": 32, "fields": {"structure": "standalone", "upc": "", "parent": null, "title": "34667A 3 - 34667A 3 - RG MOUNT ASSY O", "slug": "34667a-3-34667a-3-rg-mount-assy-o", "description": "", "product_class": 2, "rating": null, "date_created": "2017-12-11T19:40:31.436Z", "date_updated": "2018-01-26T15:34:34.202Z", "is_discountable": true, "product_options": []}}, {"model": "catalogue.replacementproduct", "pk": 67, "fields": {"primary": 2, "replacement": 3, "order": 0}}, {"model": "catalogue.replacementproduct", "pk": 68, "fields": {"primary": 4, "replacement": 5, "order": 0}}, {"model": "catalogue.replacementproduct", "pk": 69, "fields": {"primary": 8, "replacement": 9, "order": 0}}, {"model": "catalogue.replacementproduct", "pk": 70, "fields": {"primary": 11, "replacement": 12, "order": 0}}, {"model": "catalogue.productclass", "pk": 1, "fields": {"name": "jsdjaj", "slug": "jsdjaj", "requires_shipping": true, "track_stock": true, "options": []}}, {"model": "catalogue.productclass", "pk": 2, "fields": {"name": "Subcomponent", "slug": "subcomponent", "requires_shipping": true, "track_stock": true, "options": []}}, {"model": "catalogue.productcategory", "pk": 1, "fields": {"product": 1, "category": 6}}, {"model": "catalogue.productcategory", "pk": 2, "fields": {"product": 2, "category": 10}}, {"model": "catalogue.productcategory", "pk": 3, "fields": {"product": 3, "category": 10}}, {"model": "catalogue.productcategory", "pk": 4, "fields": {"product": 4, "category": 10}}, {"model": "catalogue.productcategory", "pk": 5, "fields": {"product": 5, "category": 10}}, {"model": "catalogue.productcategory", "pk": 6, "fields": {"product": 6, "category": 10}}, {"model": "catalogue.productcategory", "pk": 7, "fields": {"product": 7, "category": 10}}, {"model": "catalogue.productcategory", "pk": 8, "fields": {"product": 8, "category": 10}}, {"model": "catalogue.productcategory", "pk": 9, "fields": {"product": 9, "category": 10}}, {"model": "catalogue.productcategory", "pk": 10, "fields": {"product": 10, "category": 10}}, {"model": "catalogue.productcategory", "pk": 11, "fields": {"product": 11, "category": 10}}, {"model": "catalogue.productcategory", "pk": 12, "fields": {"product": 12, "category": 10}}, {"model": "catalogue.productcategory", "pk": 13, "fields": {"product": 13, "category": 10}}, {"model": "catalogue.productcategory", "pk": 14, "fields": {"product": 14, "category": 10}}, {"model": "catalogue.productcategory", "pk": 15, "fields": {"product": 15, "category": 10}}, {"model": "catalogue.productcategory", "pk": 16, "fields": {"product": 16, "category": 10}}, {"model": "catalogue.productcategory", "pk": 17, "fields": {"product": 17, "category": 14}}, {"model": "catalogue.productcategory", "pk": 18, "fields": {"product": 18, "category": 14}}, {"model": "catalogue.productcategory", "pk": 19, "fields": {"product": 19, "category": 14}}, {"model": "catalogue.productcategory", "pk": 20, "fields": {"product": 20, "category": 14}}, {"model": "catalogue.productcategory", "pk": 21, "fields": {"product": 21, "category": 14}}, {"model": "catalogue.productcategory", "pk": 22, "fields": {"product": 22, "category": 14}}, {"model": "catalogue.productcategory", "pk": 23, "fields": {"product": 23, "category": 14}}, {"model": "catalogue.productcategory", "pk": 24, "fields": {"product": 24, "category": 14}}, {"model": "catalogue.productcategory", "pk": 25, "fields": {"product": 25, "category": 14}}, {"model": "catalogue.productcategory", "pk": 26, "fields": {"product": 26, "category": 14}}, {"model": "catalogue.productcategory", "pk": 27, "fields": {"product": 27, "category": 14}}, {"model": "catalogue.productcategory", "pk": 28, "fields": {"product": 28, "category": 14}}, {"model": "catalogue.productcategory", "pk": 29, "fields": {"product": 29, "category": 14}}, {"model": "catalogue.productcategory", "pk": 30, "fields": {"product": 30, "category": 14}}, {"model": "catalogue.productcategory", "pk": 31, "fields": {"product": 31, "category": 14}}, {"model": "catalogue.productcategory", "pk": 32, "fields": {"product": 32, "category": 14}}, {"model": "catalogue.productattribute", "pk": 1, "fields": {"product_class": 2, "name": "Manufacturer", "code": "M", "type": "text", "option_group": null, "required": true}}, {"model": "catalogue.productattribute", "pk": 2, "fields": {"product_class": 2, "name": "Part number", "code": "PN", "type": "text", "option_group": null, "required": true}}, {"model": "catalogue.productattribute", "pk": 3, "fields": {"product_class": 2, "name": "Diagram number", "code": "DN", "type": "text", "option_group": null, "required": true}}, {"model": "catalogue.productattributevalue", "pk": 1, "fields": {"attribute": 2, "product": 2, "value_text": "2189-832500A 1", "value_integer": null, "value_boolean": null, "value_float": null, "value_richtext": null, "value_date": null, "value_datetime": null, "value_option": null, "value_file": "", "value_image": "", "entity_content_type": null, "entity_object_id": null, "value_multi_option": []}}, {"model": "catalogue.productattributevalue", "pk": 2, "fields": {"attribute": 1, "product": 2, "value_text": "Mercury Quicksilver", "value_integer": null, "value_boolean": null, "value_float": null, "value_richtext": null, "value_date": null, "value_datetime": null, "value_option": null, "value_file": "", "value_image": "", "entity_content_type": null, "entity_object_id": null, "value_multi_option": []}}, {"model": "catalogue.productattributevalue", "pk": 3, "fields": {"attribute": 3, "product": 2, "value_text": "#1", "value_integer": null, "value_boolean": null, "value_float": null, "value_richtext": null, "value_date": null, "value_datetime": null, "value_option": null, "value_file": "", "value_image": "", "entity_content_type": null, "entity_object_id": null, "value_multi_option": []}}, {"model": "catalogue.productattributevalue", "pk": 4, "fields": {"attribute": 2, "product": 3, "value_text": "2189-832500A 2", "value_integer": null, "value_boolean": null, "value_float": null, "value_richtext": null, "value_date": null, "value_datetime": null, "value_option": null, "value_file": "", "value_image": "", "entity_content_type": null, "entity_object_id": null, "value_multi_option": []}}, {"model": "catalogue.productattributevalue", "pk": 5, "fields": {"attribute": 1, "product": 3, "value_text": "Mercury Quicksilver", "value_integer": null, "value_boolean": null, "value_float": null, "value_richtext": null, "value_date": null, "value_datetime": null, "value_option": null, "value_file": "", "value_image": "", "entity_content_type": null, "entity_object_id": null, "value_multi_option": []}}, {"model": "catalogue.productattributevalue", "pk": 6, "fields": {"attribute": 3, "product": 3, "value_text": "#1", "value_integer": null, "value_boolean": null, "value_float": null, "value_richtext": null, "value_date": null, "value_datetime": null, "value_option": null, "value_file": "", "value_image": "", "entity_content_type": null, "entity_object_id": null, "value_multi_option": []}}, {"model": "catalogue.productattributevalue", "pk": 7, "fields": {"attribute": 2, "product": 4, "value_text": "2189-832498A 1", "value_integer": null, "value_boolean": null, "value_float": null, "value_richtext": null, "value_date": null, "value_datetime": null, "value_option": null, "value_file": "", "value_image": "", "entity_content_type": null, "entity_object_id": null, "value_multi_option": []}}, {"model": "catalogue.productattributevalue", "pk": 8, "fields": {"attribute": 1, "product": 4, "value_text": "Mercury Quicksilver", "value_integer": null, "value_boolean": null, "value_float": null, "value_richtext": null, "value_date": null, "value_datetime": null, "value_option": null, "value_file": "", "value_image": "", "entity_content_type": null, "entity_object_id": null, "value_multi_option": []}}, {"model": "catalogue.productattributevalue", "pk": 9, "fields": {"attribute": 3, "product": 4, "value_text": "#2", "value_integer": null, "value_boolean": null, "value_float": null, "value_richtext": null, "value_date": null, "value_datetime": null, "value_option": null, "value_file": "", "value_image": "", "entity_content_type": null, "entity_object_id": null, "value_multi_option": []}}, {"model": "catalogue.productattributevalue", "pk": 10, "fields": {"attribute": 2, "product": 5, "value_text": "2189-832498A 2", "value_integer": null, "value_boolean": null, "value_float": null, "value_richtext": null, "value_date": null, "value_datetime": null, "value_option": null, "value_file": "", "value_image": "", "entity_content_type": null, "entity_object_id": null, "value_multi_option": []}}, {"model": "catalogue.productattributevalue", "pk": 11, "fields": {"attribute": 1, "product": 5, "value_text": "Mercury Quicksilver", "value_integer": null, "value_boolean": null, "value_float": null, "value_richtext": null, "value_date": null, "value_datetime": null, "value_option": null, "value_file": "", "value_image": "", "entity_content_type": null, "entity_object_id": null, "value_multi_option": []}}, {"model": "catalogue.productattributevalue", "pk": 12, "fields": {"attribute": 3, "product": 5, "value_text": "#2", "value_integer": null, "value_boolean": null, "value_float": null, "value_richtext": null, "value_date": null, "value_datetime": null, "value_option": null, "value_file": "", "value_image": "", "entity_content_type": null, "entity_object_id": null, "value_multi_option": []}}, {"model": "catalogue.productattributevalue", "pk": 13, "fields": {"attribute": 2, "product": 6, "value_text": "25-832499", "value_integer": null, "value_boolean": null, "value_float": null, "value_richtext": null, "value_date": null, "value_datetime": null, "value_option": null, "value_file": "", "value_image": "", "entity_content_type": null, "entity_object_id": null, "value_multi_option": []}}, {"model": "catalogue.productattributevalue", "pk": 14, "fields": {"attribute": 1, "product": 6, "value_text": "Mercury Quicksilver", "value_integer": null, "value_boolean": null, "value_float": null, "value_richtext": null, "value_date": null, "value_datetime": null, "value_option": null, "value_file": "", "value_image": "", "entity_content_type": null, "entity_object_id": null, "value_multi_option": []}}, {"model": "catalogue.productattributevalue", "pk": 15, "fields": {"attribute": 3, "product": 6, "value_text": "#3", "value_integer": null, "value_boolean": null, "value_float": null, "value_richtext": null, "value_date": null, "value_datetime": null, "value_option": null, "value_file": "", "value_image": "", "entity_content_type": null, "entity_object_id": null, "value_multi_option": []}}, {"model": "catalogue.productattributevalue", "pk": 16, "fields": {"attribute": 2, "product": 7, "value_text": "11-832501", "value_integer": null, "value_boolean": null, "value_float": null, "value_richtext": null, "value_date": null, "value_datetime": null, "value_option": null, "value_file": "", "value_image": "", "entity_content_type": null, "entity_object_id": null, "value_multi_option": []}}, {"model": "catalogue.productattributevalue", "pk": 17, "fields": {"attribute": 1, "product": 7, "value_text": "Mercury Quicksilver", "value_integer": null, "value_boolean": null, "value_float": null, "value_richtext": null, "value_date": null, "value_datetime": null, "value_option": null, "value_file": "", "value_image": "", "entity_content_type": null, "entity_object_id": null, "value_multi_option": []}}, {"model": "catalogue.productattributevalue", "pk": 18, "fields": {"attribute": 3, "product": 7, "value_text": "#4", "value_integer": null, "value_boolean": null, "value_float": null, "value_richtext": null, "value_date": null, "value_datetime": null, "value_option": null, "value_file": "", "value_image": "", "entity_content_type": null, "entity_object_id": null, "value_multi_option": []}}, {"model": "catalogue.productattributevalue", "pk": 19, "fields": {"attribute": 2, "product": 8, "value_text": "832502A 1", "value_integer": null, "value_boolean": null, "value_float": null, "value_richtext": null, "value_date": null, "value_datetime": null, "value_option": null, "value_file": "", "value_image": "", "entity_content_type": null, "entity_object_id": null, "value_multi_option": []}}, {"model": "catalogue.productattributevalue", "pk": 20, "fields": {"attribute": 1, "product": 8, "value_text": "Mercury Quicksilver", "value_integer": null, "value_boolean": null, "value_float": null, "value_richtext": null, "value_date": null, "value_datetime": null, "value_option": null, "value_file": "", "value_image": "", "entity_content_type": null, "entity_object_id": null, "value_multi_option": []}}, {"model": "catalogue.productattributevalue", "pk": 21, "fields": {"attribute": 3, "product": 8, "value_text": "#5", "value_integer": null, "value_boolean": null, "value_float": null, "value_richtext": null, "value_date": null, "value_datetime": null, "value_option": null, "value_file": "", "value_image": "", "entity_content_type": null, "entity_object_id": null, "value_multi_option": []}}, {"model": "catalogue.productattributevalue", "pk": 22, "fields": {"attribute": 2, "product": 9, "value_text": "832502A 2", "value_integer": null, "value_boolean": null, "value_float": null, "value_richtext": null, "value_date": null, "value_datetime": null, "value_option": null, "value_file": "", "value_image": "", "entity_content_type": null, "entity_object_id": null, "value_multi_option": []}}, {"model": "catalogue.productattributevalue", "pk": 23, "fields": {"attribute": 1, "product": 9, "value_text": "Mercury Quicksilver", "value_integer": null, "value_boolean": null, "value_float": null, "value_richtext": null, "value_date": null, "value_datetime": null, "value_option": null, "value_file": "", "value_image": "", "entity_content_type": null, "entity_object_id": null, "value_multi_option": []}}, {"model": "catalogue.productattributevalue", "pk": 24, "fields": {"attribute": 3, "product": 9, "value_text": "#5", "value_integer": null, "value_boolean": null, "value_float": null, "value_richtext": null, "value_date": null, "value_datetime": null, "value_option": null, "value_file": "", "value_image": "", "entity_content_type": null, "entity_object_id": null, "value_multi_option": []}}, {"model": "catalogue.productattributevalue", "pk": 25, "fields": {"attribute": 2, "product": 10, "value_text": "10-832362", "value_integer": null, "value_boolean": null, "value_float": null, "value_richtext": null, "value_date": null, "value_datetime": null, "value_option": null, "value_file": "", "value_image": "", "entity_content_type": null, "entity_object_id": null, "value_multi_option": []}}, {"model": "catalogue.productattributevalue", "pk": 26, "fields": {"attribute": 1, "product": 10, "value_text": "Mercury Quicksilver", "value_integer": null, "value_boolean": null, "value_float": null, "value_richtext": null, "value_date": null, "value_datetime": null, "value_option": null, "value_file": "", "value_image": "", "entity_content_type": null, "entity_object_id": null, "value_multi_option": []}}, {"model": "catalogue.productattributevalue", "pk": 27, "fields": {"attribute": 3, "product": 10, "value_text": "#6", "value_integer": null, "value_boolean": null, "value_float": null, "value_richtext": null, "value_date": null, "value_datetime": null, "value_option": null, "value_file": "", "value_image": "", "entity_content_type": null, "entity_object_id": null, "value_multi_option": []}}, {"model": "catalogue.productattributevalue", "pk": 28, "fields": {"attribute": 2, "product": 11, "value_text": "10-832370", "value_integer": null, "value_boolean": null, "value_float": null, "value_richtext": null, "value_date": null, "value_datetime": null, "value_option": null, "value_file": "", "value_image": "", "entity_content_type": null, "entity_object_id": null, "value_multi_option": []}}, {"model": "catalogue.productattributevalue", "pk": 29, "fields": {"attribute": 1, "product": 11, "value_text": "Mercury Quicksilver", "value_integer": null, "value_boolean": null, "value_float": null, "value_richtext": null, "value_date": null, "value_datetime": null, "value_option": null, "value_file": "", "value_image": "", "entity_content_type": null, "entity_object_id": null, "value_multi_option": []}}, {"model": "catalogue.productattributevalue", "pk": 30, "fields": {"attribute": 3, "product": 11, "value_text": "#7", "value_integer": null, "value_boolean": null, "value_float": null, "value_richtext": null, "value_date": null, "value_datetime": null, "value_option": null, "value_file": "", "value_image": "", "entity_content_type": null, "entity_object_id": null, "value_multi_option": []}}, {"model": "catalogue.productattributevalue", "pk": 31, "fields": {"attribute": 2, "product": 12, "value_text": "10-832371", "value_integer": null, "value_boolean": null, "value_float": null, "value_richtext": null, "value_date": null, "value_datetime": null, "value_option": null, "value_file": "", "value_image": "", "entity_content_type": null, "entity_object_id": null, "value_multi_option": []}}, {"model": "catalogue.productattributevalue", "pk": 32, "fields": {"attribute": 1, "product": 12, "value_text": "Mercury Quicksilver", "value_integer": null, "value_boolean": null, "value_float": null, "value_richtext": null, "value_date": null, "value_datetime": null, "value_option": null, "value_file": "", "value_image": "", "entity_content_type": null, "entity_object_id": null, "value_multi_option": []}}, {"model": "catalogue.productattributevalue", "pk": 33, "fields": {"attribute": 3, "product": 12, "value_text": "#8", "value_integer": null, "value_boolean": null, "value_float": null, "value_richtext": null, "value_date": null, "value_datetime": null, "value_option": null, "value_file": "", "value_image": "", "entity_content_type": null, "entity_object_id": null, "value_multi_option": []}}, {"model": "catalogue.productattributevalue", "pk": 34, "fields": {"attribute": 2, "product": 13, "value_text": "10-832392", "value_integer": null, "value_boolean": null, "value_float": null, "value_richtext": null, "value_date": null, "value_datetime": null, "value_option": null, "value_file": "", "value_image": "", "entity_content_type": null, "entity_object_id": null, "value_multi_option": []}}, {"model": "catalogue.productattributevalue", "pk": 35, "fields": {"attribute": 1, "product": 13, "value_text": "Mercury Quicksilver", "value_integer": null, "value_boolean": null, "value_float": null, "value_richtext": null, "value_date": null, "value_datetime": null, "value_option": null, "value_file": "", "value_image": "", "entity_content_type": null, "entity_object_id": null, "value_multi_option": []}}, {"model": "catalogue.productattributevalue", "pk": 36, "fields": {"attribute": 3, "product": 13, "value_text": "#9", "value_integer": null, "value_boolean": null, "value_float": null, "value_richtext": null, "value_date": null, "value_datetime": null, "value_option": null, "value_file": "", "value_image": "", "entity_content_type": null, "entity_object_id": null, "value_multi_option": []}}, {"model": "catalogue.productattributevalue", "pk": 37, "fields": {"attribute": 2, "product": 14, "value_text": "832483", "value_integer": null, "value_boolean": null, "value_float": null, "value_richtext": null, "value_date": null, "value_datetime": null, "value_option": null, "value_file": "", "value_image": "", "entity_content_type": null, "entity_object_id": null, "value_multi_option": []}}, {"model": "catalogue.productattributevalue", "pk": 38, "fields": {"attribute": 1, "product": 14, "value_text": "Mercury Quicksilver", "value_integer": null, "value_boolean": null, "value_float": null, "value_richtext": null, "value_date": null, "value_datetime": null, "value_option": null, "value_file": "", "value_image": "", "entity_content_type": null, "entity_object_id": null, "value_multi_option": []}}, {"model": "catalogue.productattributevalue", "pk": 39, "fields": {"attribute": 3, "product": 14, "value_text": "#10", "value_integer": null, "value_boolean": null, "value_float": null, "value_richtext": null, "value_date": null, "value_datetime": null, "value_option": null, "value_file": "", "value_image": "", "entity_content_type": null, "entity_object_id": null, "value_multi_option": []}}, {"model": "catalogue.productattributevalue", "pk": 40, "fields": {"attribute": 2, "product": 15, "value_text": "50-832486", "value_integer": null, "value_boolean": null, "value_float": null, "value_richtext": null, "value_date": null, "value_datetime": null, "value_option": null, "value_file": "", "value_image": "", "entity_content_type": null, "entity_object_id": null, "value_multi_option": []}}, {"model": "catalogue.productattributevalue", "pk": 41, "fields": {"attribute": 1, "product": 15, "value_text": "Mercury Quicksilver", "value_integer": null, "value_boolean": null, "value_float": null, "value_richtext": null, "value_date": null, "value_datetime": null, "value_option": null, "value_file": "", "value_image": "", "entity_content_type": null, "entity_object_id": null, "value_multi_option": []}}, {"model": "catalogue.productattributevalue", "pk": 42, "fields": {"attribute": 3, "product": 15, "value_text": "#11", "value_integer": null, "value_boolean": null, "value_float": null, "value_richtext": null, "value_date": null, "value_datetime": null, "value_option": null, "value_file": "", "value_image": "", "entity_content_type": null, "entity_object_id": null, "value_multi_option": []}}, {"model": "catalogue.productattributevalue", "pk": 43, "fields": {"attribute": 2, "product": 16, "value_text": "832487", "value_integer": null, "value_boolean": null, "value_float": null, "value_richtext": null, "value_date": null, "value_datetime": null, "value_option": null, "value_file": "", "value_image": "", "entity_content_type": null, "entity_object_id": null, "value_multi_option": []}}, {"model": "catalogue.productattributevalue", "pk": 44, "fields": {"attribute": 1, "product": 16, "value_text": "Mercury Quicksilver", "value_integer": null, "value_boolean": null, "value_float": null, "value_richtext": null, "value_date": null, "value_datetime": null, "value_option": null, "value_file": "", "value_image": "", "entity_content_type": null, "entity_object_id": null, "value_multi_option": []}}, {"model": "catalogue.productattributevalue", "pk": 45, "fields": {"attribute": 3, "product": 16, "value_text": "#12", "value_integer": null, "value_boolean": null, "value_float": null, "value_richtext": null, "value_date": null, "value_datetime": null, "value_option": null, "value_file": "", "value_image": "", "entity_content_type": null, "entity_object_id": null, "value_multi_option": []}}, {"model": "catalogue.productattributevalue", "pk": 46, "fields": {"attribute": 2, "product": 17, "value_text": "29071A", "value_integer": null, "value_boolean": null, "value_float": null, "value_richtext": null, "value_date": null, "value_datetime": null, "value_option": null, "value_file": "", "value_image": "", "entity_content_type": null, "entity_object_id": null, "value_multi_option": []}}, {"model": "catalogue.productattributevalue", "pk": 47, "fields": {"attribute": 1, "product": 17, "value_text": "Mercury Quicksilver", "value_integer": null, "value_boolean": null, "value_float": null, "value_richtext": null, "value_date": null, "value_datetime": null, "value_option": null, "value_file": "", "value_image": "", "entity_content_type": null, "entity_object_id": null, "value_multi_option": []}}, {"model": "catalogue.productattributevalue", "pk": 48, "fields": {"attribute": 3, "product": 17, "value_text": "#1", "value_integer": null, "value_boolean": null, "value_float": null, "value_richtext": null, "value_date": null, "value_datetime": null, "value_option": null, "value_file": "", "value_image": "", "entity_content_type": null, "entity_object_id": null, "value_multi_option": []}}, {"model": "catalogue.productattributevalue", "pk": 49, "fields": {"attribute": 2, "product": 18, "value_text": "29401A", "value_integer": null, "value_boolean": null, "value_float": null, "value_richtext": null, "value_date": null, "value_datetime": null, "value_option": null, "value_file": "", "value_image": "", "entity_content_type": null, "entity_object_id": null, "value_multi_option": []}}, {"model": "catalogue.productattributevalue", "pk": 50, "fields": {"attribute": 1, "product": 18, "value_text": "Mercury Quicksilver", "value_integer": null, "value_boolean": null, "value_float": null, "value_richtext": null, "value_date": null, "value_datetime": null, "value_option": null, "value_file": "", "value_image": "", "entity_content_type": null, "entity_object_id": null, "value_multi_option": []}}, {"model": "catalogue.productattributevalue", "pk": 51, "fields": {"attribute": 3, "product": 18, "value_text": "#2", "value_integer": null, "value_boolean": null, "value_float": null, "value_richtext": null, "value_date": null, "value_datetime": null, "value_option": null, "value_file": "", "value_image": "", "entity_content_type": null, "entity_object_id": null, "value_multi_option": []}}, {"model": "catalogue.productattributevalue", "pk": 52, "fields": {"attribute": 2, "product": 19, "value_text": "32402A", "value_integer": null, "value_boolean": null, "value_float": null, "value_richtext": null, "value_date": null, "value_datetime": null, "value_option": null, "value_file": "", "value_image": "", "entity_content_type": null, "entity_object_id": null, "value_multi_option": []}}, {"model": "catalogue.productattributevalue", "pk": 53, "fields": {"attribute": 1, "product": 19, "value_text": "Mercury Quicksilver", "value_integer": null, "value_boolean": null, "value_float": null, "value_richtext": null, "value_date": null, "value_datetime": null, "value_option": null, "value_file": "", "value_image": "", "entity_content_type": null, "entity_object_id": null, "value_multi_option": []}}, {"model": "catalogue.productattributevalue", "pk": 54, "fields": {"attribute": 3, "product": 19, "value_text": "#3", "value_integer": null, "value_boolean": null, "value_float": null, "value_richtext": null, "value_date": null, "value_datetime": null, "value_option": null, "value_file": "", "value_image": "", "entity_content_type": null, "entity_object_id": null, "value_multi_option": []}}, {"model": "catalogue.productattributevalue", "pk": 55, "fields": {"attribute": 2, "product": 20, "value_text": "32401A", "value_integer": null, "value_boolean": null, "value_float": null, "value_richtext": null, "value_date": null, "value_datetime": null, "value_option": null, "value_file": "", "value_image": "", "entity_content_type": null, "entity_object_id": null, "value_multi_option": []}}, {"model": "catalogue.productattributevalue", "pk": 56, "fields": {"attribute": 1, "product": 20, "value_text": "Mercury Quicksilver", "value_integer": null, "value_boolean": null, "value_float": null, "value_richtext": null, "value_date": null, "value_datetime": null, "value_option": null, "value_file": "", "value_image": "", "entity_content_type": null, "entity_object_id": null, "value_multi_option": []}}, {"model": "catalogue.productattributevalue", "pk": 57, "fields": {"attribute": 3, "product": 20, "value_text": "#4", "value_integer": null, "value_boolean": null, "value_float": null, "value_richtext": null, "value_date": null, "value_datetime": null, "value_option": null, "value_file": "", "value_image": "", "entity_content_type": null, "entity_object_id": null, "value_multi_option": []}}, {"model": "catalogue.productattributevalue", "pk": 58, "fields": {"attribute": 2, "product": 21, "value_text": "34659A", "value_integer": null, "value_boolean": null, "value_float": null, "value_richtext": null, "value_date": null, "value_datetime": null, "value_option": null, "value_file": "", "value_image": "", "entity_content_type": null, "entity_object_id": null, "value_multi_option": []}}, {"model": "catalogue.productattributevalue", "pk": 59, "fields": {"attribute": 1, "product": 21, "value_text": "Mercury Quicksilver", "value_integer": null, "value_boolean": null, "value_float": null, "value_richtext": null, "value_date": null, "value_datetime": null, "value_option": null, "value_file": "", "value_image": "", "entity_content_type": null, "entity_object_id": null, "value_multi_option": []}}, {"model": "catalogue.productattributevalue", "pk": 60, "fields": {"attribute": 3, "product": 21, "value_text": "#5", "value_integer": null, "value_boolean": null, "value_float": null, "value_richtext": null, "value_date": null, "value_datetime": null, "value_option": null, "value_file": "", "value_image": "", "entity_content_type": null, "entity_object_id": null, "value_multi_option": []}}, {"model": "catalogue.productattributevalue", "pk": 61, "fields": {"attribute": 2, "product": 22, "value_text": "34659A", "value_integer": null, "value_boolean": null, "value_float": null, "value_richtext": null, "value_date": null, "value_datetime": null, "value_option": null, "value_file": "", "value_image": "", "entity_content_type": null, "entity_object_id": null, "value_multi_option": []}}, {"model": "catalogue.productattributevalue", "pk": 62, "fields": {"attribute": 1, "product": 22, "value_text": "Mercury Quicksilver", "value_integer": null, "value_boolean": null, "value_float": null, "value_richtext": null, "value_date": null, "value_datetime": null, "value_option": null, "value_file": "", "value_image": "", "entity_content_type": null, "entity_object_id": null, "value_multi_option": []}}, {"model": "catalogue.productattributevalue", "pk": 63, "fields": {"attribute": 3, "product": 22, "value_text": "#6", "value_integer": null, "value_boolean": null, "value_float": null, "value_richtext": null, "value_date": null, "value_datetime": null, "value_option": null, "value_file": "", "value_image": "", "entity_content_type": null, "entity_object_id": null, "value_multi_option": []}}, {"model": "catalogue.productattributevalue", "pk": 64, "fields": {"attribute": 2, "product": 23, "value_text": "32399A", "value_integer": null, "value_boolean": null, "value_float": null, "value_richtext": null, "value_date": null, "value_datetime": null, "value_option": null, "value_file": "", "value_image": "", "entity_content_type": null, "entity_object_id": null, "value_multi_option": []}}, {"model": "catalogue.productattributevalue", "pk": 65, "fields": {"attribute": 1, "product": 23, "value_text": "Mercury Quicksilver", "value_integer": null, "value_boolean": null, "value_float": null, "value_richtext": null, "value_date": null, "value_datetime": null, "value_option": null, "value_file": "", "value_image": "", "entity_content_type": null, "entity_object_id": null, "value_multi_option": []}}, {"model": "catalogue.productattributevalue", "pk": 66, "fields": {"attribute": 3, "product": 23, "value_text": "#7", "value_integer": null, "value_boolean": null, "value_float": null, "value_richtext": null, "value_date": null, "value_datetime": null, "value_option": null, "value_file": "", "value_image": "", "entity_content_type": null, "entity_object_id": null, "value_multi_option": []}}, {"model": "catalogue.productattributevalue", "pk": 67, "fields": {"attribute": 2, "product": 24, "value_text": "49003A", "value_integer": null, "value_boolean": null, "value_float": null, "value_richtext": null, "value_date": null, "value_datetime": null, "value_option": null, "value_file": "", "value_image": "", "entity_content_type": null, "entity_object_id": null, "value_multi_option": []}}, {"model": "catalogue.productattributevalue", "pk": 68, "fields": {"attribute": 1, "product": 24, "value_text": "Mercury Quicksilver", "value_integer": null, "value_boolean": null, "value_float": null, "value_richtext": null, "value_date": null, "value_datetime": null, "value_option": null, "value_file": "", "value_image": "", "entity_content_type": null, "entity_object_id": null, "value_multi_option": []}}, {"model": "catalogue.productattributevalue", "pk": 69, "fields": {"attribute": 3, "product": 24, "value_text": "#8", "value_integer": null, "value_boolean": null, "value_float": null, "value_richtext": null, "value_date": null, "value_datetime": null, "value_option": null, "value_file": "", "value_image": "", "entity_content_type": null, "entity_object_id": null, "value_multi_option": []}}, {"model": "catalogue.productattributevalue", "pk": 70, "fields": {"attribute": 2, "product": 25, "value_text": "49003A", "value_integer": null, "value_boolean": null, "value_float": null, "value_richtext": null, "value_date": null, "value_datetime": null, "value_option": null, "value_file": "", "value_image": "", "entity_content_type": null, "entity_object_id": null, "value_multi_option": []}}, {"model": "catalogue.productattributevalue", "pk": 71, "fields": {"attribute": 1, "product": 25, "value_text": "Mercury Quicksilver", "value_integer": null, "value_boolean": null, "value_float": null, "value_richtext": null, "value_date": null, "value_datetime": null, "value_option": null, "value_file": "", "value_image": "", "entity_content_type": null, "entity_object_id": null, "value_multi_option": []}}, {"model": "catalogue.productattributevalue", "pk": 72, "fields": {"attribute": 3, "product": 25, "value_text": "#9", "value_integer": null, "value_boolean": null, "value_float": null, "value_richtext": null, "value_date": null, "value_datetime": null, "value_option": null, "value_file": "", "value_image": "", "entity_content_type": null, "entity_object_id": null, "value_multi_option": []}}, {"model": "catalogue.productattributevalue", "pk": 73, "fields": {"attribute": 2, "product": 26, "value_text": "49003A", "value_integer": null, "value_boolean": null, "value_float": null, "value_richtext": null, "value_date": null, "value_datetime": null, "value_option": null, "value_file": "", "value_image": "", "entity_content_type": null, "entity_object_id": null, "value_multi_option": []}}, {"model": "catalogue.productattributevalue", "pk": 74, "fields": {"attribute": 1, "product": 26, "value_text": "Mercury Quicksilver", "value_integer": null, "value_boolean": null, "value_float": null, "value_richtext": null, "value_date": null, "value_datetime": null, "value_option": null, "value_file": "", "value_image": "", "entity_content_type": null, "entity_object_id": null, "value_multi_option": []}}, {"model": "catalogue.productattributevalue", "pk": 75, "fields": {"attribute": 3, "product": 26, "value_text": "#10", "value_integer": null, "value_boolean": null, "value_float": null, "value_richtext": null, "value_date": null, "value_datetime": null, "value_option": null, "value_file": "", "value_image": "", "entity_content_type": null, "entity_object_id": null, "value_multi_option": []}}, {"model": "catalogue.productattributevalue", "pk": 76, "fields": {"attribute": 2, "product": 27, "value_text": "32400A", "value_integer": null, "value_boolean": null, "value_float": null, "value_richtext": null, "value_date": null, "value_datetime": null, "value_option": null, "value_file": "", "value_image": "", "entity_content_type": null, "entity_object_id": null, "value_multi_option": []}}, {"model": "catalogue.productattributevalue", "pk": 77, "fields": {"attribute": 1, "product": 27, "value_text": "Mercury Quicksilver", "value_integer": null, "value_boolean": null, "value_float": null, "value_richtext": null, "value_date": null, "value_datetime": null, "value_option": null, "value_file": "", "value_image": "", "entity_content_type": null, "entity_object_id": null, "value_multi_option": []}}, {"model": "catalogue.productattributevalue", "pk": 78, "fields": {"attribute": 3, "product": 27, "value_text": "#11", "value_integer": null, "value_boolean": null, "value_float": null, "value_richtext": null, "value_date": null, "value_datetime": null, "value_option": null, "value_file": "", "value_image": "", "entity_content_type": null, "entity_object_id": null, "value_multi_option": []}}, {"model": "catalogue.productattributevalue", "pk": 79, "fields": {"attribute": 2, "product": 28, "value_text": "49004A", "value_integer": null, "value_boolean": null, "value_float": null, "value_richtext": null, "value_date": null, "value_datetime": null, "value_option": null, "value_file": "", "value_image": "", "entity_content_type": null, "entity_object_id": null, "value_multi_option": []}}, {"model": "catalogue.productattributevalue", "pk": 80, "fields": {"attribute": 1, "product": 28, "value_text": "Mercury Quicksilver", "value_integer": null, "value_boolean": null, "value_float": null, "value_richtext": null, "value_date": null, "value_datetime": null, "value_option": null, "value_file": "", "value_image": "", "entity_content_type": null, "entity_object_id": null, "value_multi_option": []}}, {"model": "catalogue.productattributevalue", "pk": 81, "fields": {"attribute": 3, "product": 28, "value_text": "#12", "value_integer": null, "value_boolean": null, "value_float": null, "value_richtext": null, "value_date": null, "value_datetime": null, "value_option": null, "value_file": "", "value_image": "", "entity_content_type": null, "entity_object_id": null, "value_multi_option": []}}, {"model": "catalogue.productattributevalue", "pk": 82, "fields": {"attribute": 2, "product": 29, "value_text": "49004A", "value_integer": null, "value_boolean": null, "value_float": null, "value_richtext": null, "value_date": null, "value_datetime": null, "value_option": null, "value_file": "", "value_image": "", "entity_content_type": null, "entity_object_id": null, "value_multi_option": []}}, {"model": "catalogue.productattributevalue", "pk": 83, "fields": {"attribute": 1, "product": 29, "value_text": "Mercury Quicksilver", "value_integer": null, "value_boolean": null, "value_float": null, "value_richtext": null, "value_date": null, "value_datetime": null, "value_option": null, "value_file": "", "value_image": "", "entity_content_type": null, "entity_object_id": null, "value_multi_option": []}}, {"model": "catalogue.productattributevalue", "pk": 84, "fields": {"attribute": 3, "product": 29, "value_text": "#13", "value_integer": null, "value_boolean": null, "value_float": null, "value_richtext": null, "value_date": null, "value_datetime": null, "value_option": null, "value_file": "", "value_image": "", "entity_content_type": null, "entity_object_id": null, "value_multi_option": []}}, {"model": "catalogue.productattributevalue", "pk": 85, "fields": {"attribute": 2, "product": 30, "value_text": "49004A", "value_integer": null, "value_boolean": null, "value_float": null, "value_richtext": null, "value_date": null, "value_datetime": null, "value_option": null, "value_file": "", "value_image": "", "entity_content_type": null, "entity_object_id": null, "value_multi_option": []}}, {"model": "catalogue.productattributevalue", "pk": 86, "fields": {"attribute": 1, "product": 30, "value_text": "Mercury Quicksilver", "value_integer": null, "value_boolean": null, "value_float": null, "value_richtext": null, "value_date": null, "value_datetime": null, "value_option": null, "value_file": "", "value_image": "", "entity_content_type": null, "entity_object_id": null, "value_multi_option": []}}, {"model": "catalogue.productattributevalue", "pk": 87, "fields": {"attribute": 3, "product": 30, "value_text": "#14", "value_integer": null, "value_boolean": null, "value_float": null, "value_richtext": null, "value_date": null, "value_datetime": null, "value_option": null, "value_file": "", "value_image": "", "entity_content_type": null, "entity_object_id": null, "value_multi_option": []}}, {"model": "catalogue.productattributevalue", "pk": 88, "fields": {"attribute": 2, "product": 31, "value_text": "34667A", "value_integer": null, "value_boolean": null, "value_float": null, "value_richtext": null, "value_date": null, "value_datetime": null, "value_option": null, "value_file": "", "value_image": "", "entity_content_type": null, "entity_object_id": null, "value_multi_option": []}}, {"model": "catalogue.productattributevalue", "pk": 89, "fields": {"attribute": 1, "product": 31, "value_text": "Mercury Quicksilver", "value_integer": null, "value_boolean": null, "value_float": null, "value_richtext": null, "value_date": null, "value_datetime": null, "value_option": null, "value_file": "", "value_image": "", "entity_content_type": null, "entity_object_id": null, "value_multi_option": []}}, {"model": "catalogue.productattributevalue", "pk": 90, "fields": {"attribute": 3, "product": 31, "value_text": "#15", "value_integer": null, "value_boolean": null, "value_float": null, "value_richtext": null, "value_date": null, "value_datetime": null, "value_option": null, "value_file": "", "value_image": "", "entity_content_type": null, "entity_object_id": null, "value_multi_option": []}}, {"model": "catalogue.productattributevalue", "pk": 91, "fields": {"attribute": 2, "product": 32, "value_text": "34667A", "value_integer": null, "value_boolean": null, "value_float": null, "value_richtext": null, "value_date": null, "value_datetime": null, "value_option": null, "value_file": "", "value_image": "", "entity_content_type": null, "entity_object_id": null, "value_multi_option": []}}, {"model": "catalogue.productattributevalue", "pk": 92, "fields": {"attribute": 1, "product": 32, "value_text": "Mercury Quicksilver", "value_integer": null, "value_boolean": null, "value_float": null, "value_richtext": null, "value_date": null, "value_datetime": null, "value_option": null, "value_file": "", "value_image": "", "entity_content_type": null, "entity_object_id": null, "value_multi_option": []}}, {"model": "catalogue.productattributevalue", "pk": 93, "fields": {"attribute": 3, "product": 32, "value_text": "#16", "value_integer": null, "value_boolean": null, "value_float": null, "value_richtext": null, "value_date": null, "value_datetime": null, "value_option": null, "value_file": "", "value_image": "", "entity_content_type": null, "entity_object_id": null, "value_multi_option": []}}, {"model": "catalogue.productimage", "pk": 1, "fields": {"product": 4, "original": "images/products/2017/12/4006817704A31_xJGKyX7.jpg", "caption": "", "display_order": 0, "date_created": "2017-12-13T13:45:31.750Z"}}]