1-0019,,
1-0104P,,0992-300 (Marine Power)
1-0105,,
1-0106P,,0992-001 (Marine Power)
1-0107,,
1-312148,,312148
1-312149,,312149
1-47638,,47638A1
1-54870,,73813A1
1-60252,,60252A2
1-60252P,,
1-73811,,73811A1
1-73813,,73813A1
1-907885,,907885
1-908719,,908719
1-910280,,311550
,,910280
1-910384,,910384
1-99179,,
CC-1-07686,,16.20-07686
CHV-1-83,,0994-000 (Marine Power)
CHVA-1-84,,0991-110 (Marine Power)
CM-1-4417063,,4417063
CM-1-5972A,,3619695
,,E7081M
CM-1-5972B,,
CM-1-5972C,,
CM-1-5972D,,
CM-1-5972P,,
CM-1-6672A,,2469556
CM-1-6672B,,2846106
CM-1-6672B-P,,
CM-1-6672D,,
CM-1-6672E,,3527781
CM-1-6672H,,
CM-1-6672P,,
CM-1-6677A,,3675826
,,4142322
CM-1-6677P,,
CM-1-6677SS-P,,
CR-1-97752,,96120
,,97752
CR-1-97753,,96121
,,97753
CR-1-97992,,97992
CR-1-97993,,97993
CR-1-98243,,98243
FM-1-83,,
FM-1-83P,,
MC-1-47735,,47735A17
MC-1-47736,,47736A17
MC-1-47737,,47737A10
MC-1-47738,,47738A10
MC-1-52390,,52390A1
MC-1-58759,,58759A14
MC-1-63122,,63122A13
MC-1-6364G,,
MC-1-65603,,65603A13
MC-1-65604,,65604A12
MC-1-77234,,77234A7
MC-1-77235,,77235A8
MC-1-860235,,860235A04
MC 1 865735,,865735A02
MC-1-87114,,860246A10
,,87114A19
MC-1-89011,,807078A6
MC-1-95862,,95862A5
MC-1-96705,,96705A1
,,96705A10
MC-1-99746,,99746A17
MC-1-99798,,99798A9
,,806867A8
OMC-1-3858870,,3858870
,,986985
,,9854045
,,3857450
,,3858871
OMC-1-3857656,,
OMC-1-912441,,909280
,,912441
OMC-1-912442,,910144
,,912442
OMC-1-914035,,3857723
,,914035
OMC-1-979758,,979758
OMC-1-979759,,979759
OMC-1-979760,,979760
OMC-1-979761,,979761
OMC-1-980959,,980572
,,980959
OMC-1-981462,,979729
,,981462
,,980459
OMC-1-984054,,980083
,,980460
,,980957
,,982490
PE-1-6354,,89058
UV-1-259624,,259624
VO-1-824532,,824532-6
VO-1-835804,,835804-6
,,856883-4
VO-1-855387,,834438-4
,,855387-7
MC-2-17437,,17437
MC-2-17670,,17670
MC-2-65142,,65142
20-0082,,0992-000 (Marine Power)
20-0082P,,
20-0087P,,
20-0089P,,
20-0092P,,
20-0097,,
20-0100,,0992-400 (Marine Power)
20-0101,,
20-0102,,
CC-20-07593,,16.20-07593
CC-20-07605,,16.20-07605
CC-20-08288,,16.20-08288
CC-20-08289,,16.20-08289
CM-20-2600402,,2600402
CM-20-2847405,,246939
,,2847405
CM-20-4142411,,2847405
,,2847623
,,3745639
,,E9233M
CM-20-6672,,3527794
CM-20-6672P,,
CM-20-6672J-P,,
CM-20-6674,,2846689
CM-20-6674P,,
CM-20-6674J-P,,
CM-20-9224,,
CM-20-9225,,
CM-20-9226,,
CM-20-9232,,E9232M
CM-20-9232P,,
CM-20-9234,,
CR-20-96560,,96560
CR-20-96560P,,
CR-20-97169,,97169
CR-20-96169P,,
CR-20-97296,,97296
CR-20-97386,,97386
CR-20-97387,,97387
CR-20-97624,,97624
CR-20-97772,,97772
CR-20-97772P,,
CR-20-97924,,97924
CR-20-98068,,98068
CR-20-98124,,98124
CR-20-98126,,98126
CR-20-98126P,,
CR-20-98128,,98128
CR-20-98128P,,
MC-20-12076,,12076A2
MC-20-44354,,807988A2
MC-20-44354P,,
MC-20-55538,,55538A2
MC-20-55538P,,
MC-20-60207,,
MC-20-60426,,60426A1
MC-20-60426P,,
MC-20-61811A4,,NLA
MC-20-61851A2,,61851A2
MC-20-61851A3,,61851A3
MC-20-72963,,72963A9
MC-20-76325,,76325A9
MC-20-76351,,76351A2
MC-20-76668,,76668A3
MC-20-76771,,76771A3
MC 20 864591,,864591T02
MC 20 864908A1,,864908A1
MC 20 864929A3,,864929A3
MC-20-90880,,90880A2
MC-20-93320A3,,807476A6
MC-20-93320A3P,,
MC-20-93322A3,,807477A5
MC-20-93322A3P,,
MC-20-98502,,98502A2
MC-20-98504,,98503A3
MC-20-98504P,,
MC-20-99208,,
OMC-20-3853628,,3853628
OMC-20-3862603,,3862603
,,3853673
,,3857821
,,3857198
,,3863071
,,3851227
,,3850799
,,3588684
OMC-20-910380,,385799
,,910380
,,980188
OMC-20-913784,,386031
,,913784
OMC-20-913784P,,
OMC-20-980536,,979730
,,980536
OMC-20-980617,,980617
OMC-20-981281,,981281
OMC-20-982680,,982680
OMC-20-982680P,,
VO-20-825599,,825599-4
VO-20-855384,,855384-4
VO-20-855384P,,
MC-29-47441,,47441A1
MC-29-47442,,47442A1
MC-29-47587,,47587A2
MC-29-59137,,
MC-29-59498,,59498A1
MC-29-60372,,60372A2
MC-29-60783,,60783A3
MC-29-62898,,62898A1
MC-29-63588,,63588A1
MC-29-78984,,78984A1
MC-29-78985,,78985A1
MC-29-79468,,87290A4-NLA
MC-29-87290,,
MC-29-90736,,90736A18
MC-29-97428,,97428T 2
MC-29-97429,,97429
CR-50-20471,,20471
CR-50-20472,,20472
CR-50-22032,,22032
CR-50-22033,,22033
CR-50-92302,,92302
CR-50-96369,,96369
CC47-1650-05944,,16.20-05944
CC47-1650-06022,,16.20-06022
CC47-1650-07290,,16.20-07290
CC47-1650-07596,,16.20-07596
CC47-1650-07597,,16.20-07597
CC47-1650-07681,,16.20-07681
CR47-C-96108,,96108
CR47-C-96562,,96562
CR47-C-98127,,98127
MC47-27-33395,,
MC47-27-33395A2,,
MC47-27-35898,,
MC47-27-35898A4,,
MC47-27-39915,,
MC47-27-39917,,
MC47-27-39923,,
MC47-27-39947,,
MC47-27-41811,,
MC47-27-41812,,
MC47-27-41813,,
MC47-27-46401,,
MC47-27-46401A1,,
MC47-27-46820,,
MC47-27-47510,,
MC47-27-47590,,
MC47-27-48042,,
MC47-27-48043,,
MC47-27-48818,,
MC47-27-49110,,
MC47-27-52076,,
MC47-27-52546,,
MC47-27-53045,,
MC47-27-53354,,
MC47-27-53354A1,,
MC47-27-54566A1,,
MC47-27-58764,,
MC47-27-64692,,
MC47-27-64818,,
MC47-27-68715,,
MC47-27-73812,,
MC47-27-73814,,
MC47-27-73866,,
MC47-27-815528,,
MC47-27-864547,,864547A02
MC47-27-864549,,864549A02
MC47-27-864850,,864850A02
MC47-27-87105,,
MC47-27-92720,,
MC47-27-94996,,
MC47-27-96429,,
MC47-27-97542,,
MC47-27-99757,,
MC47-27-99777,,
MC47-27-99777A1,,
OMC47-311121,,
OMC47-907761,,
OMC47-907775,,
OMC47-908013,,
OMC47-908079,,
OMC47-908717,,
OMC47-908935,,
OMC47-909314,,
OMC47-909786,,
OMC47-913783,,
VO47-835908,,
VO47-855383,,
CHV-47-0000,,0994-600 (Marine Power)
FM-47-0000,,
CHVA-47-0000,,0991-600 (Marine Power)
CHV-47-0120,,
50-512-019,,
50-512-020,,
50-525-019,,
MC-20-32-44348,,
