18-0032,Volvo,847741
18-0033,Volvo,21707133
18-0034,Volvo,477556
18-0035,Volvo,3582732
18-0036,Volvo,3582733
18-0147,Volvo,3852824
18-0164,Volvo,3852096
18-0183-1,Volvo,3852455
18-0183-1,Volvo,3853742
18-0184,Volvo,804190
18-0252,Volvo,876314
18-0307,Volvo,861250
18-0310,Volvo,861251
18-0311,Volvo,3854942
18-0322,Volvo,3852656
18-0327,Volvo,3853342
18-0347,Volvo,3852693
18-0352,Volvo,3852818
18-0398,Volvo,835417
18-0405,Volvo,3852655
18-0410,Volvo,3853912
18-0410,Volvo,3853913
18-0410,Volvo,3854406
18-0468,Volvo,3852654
18-0468,Volvo,3853512
18-0489,Volvo,876384
18-0498,Volvo,3580309
18-0518,Volvo,914323
18-0518,Volvo,3853132
18-0518,Volvo,3854956
18-0519,Volvo,912957
18-0519,Volvo,3852657
18-0528,Volvo,3852805
18-0549,Volvo,3852476
18-0558,Volvo,851407
18-0664,Volvo,3852687
18-0868,Volvo,3854269
18-0874,Volvo,3852109
18-0876,Volvo,3852113
18-0887,Volvo,3852691
18-0889,Volvo,3852095
18-0891,Volvo,3852477
18-0893,Volvo,3850595
18-0903,Volvo,3853361
18-0929,Volvo,3852120
18-0943-1-9,Volvo,3850496
18-0943-2,Volvo,3850496
18-0943-2-9,Volvo,3850496
18-1074,Volvo,3850426
18-1076,Volvo,3888916
18-1213,Volvo,3853341
18-1230,Volvo,3853827
18-1231,Volvo,3854095
18-1232,Volvo,3853510
18-1234,Volvo,3853528
18-1237,Volvo,3856138
18-1238,Volvo,912979
18-1238,Volvo,3850379
18-1239,Volvo,3853343
18-1400,Volvo,3856127
18-1401,Volvo,985316
18-1401,Volvo,3853847
18-1402,Volvo,502036
18-1402,Volvo,3854033
18-1478,Volvo,1218674
18-1479,Volvo,461511
18-1501,Volvo,3852023
18-15325,Volvo,958303
18-15390,Volvo,958310
18-15405,Volvo,958311
18-15410,Volvo,950813
18-15415,Volvo,958357
18-15430,Volvo,841821
18-15435,Volvo,958314
18-15435,Volvo,966382
18-15450,Volvo,3858462
18-15455,Volvo,3852464
18-15460,Volvo,829207
18-15460,Volvo,950818
18-15495,Volvo,958320
18-15500,Volvo,952141
18-1727,Volvo,803762
18-1848,Volvo,3857656
18-1909-1,Volvo,3863061
18-1909-1,Volvo,3863061
18-1909-1,Volvo,3855270-9
18-1909-1,Volvo,3855270-9
18-1930-2,Volvo,855387
18-1930-2,Volvo,834438-4
18-1931-1,Volvo,835804
18-1931-1,Volvo,856883
18-1932,Volvo,856894
18-1935-1,Volvo,856891
18-1935-1,Volvo,855384-4
18-1936,Volvo,857037
18-1986-1,Volvo,3847501
18-1986-1,Volvo,3857723
18-1986-1,Volvo,3852374-2
18-2039,Volvo,804695
18-2040,Volvo,853670
18-2041,Volvo,897426
18-2043,Volvo,958838
18-2044,Volvo,833996
18-2045,Volvo,827247
18-2046,Volvo,946242
18-2047,Volvo,958860
18-2057,Volvo,181620
18-2100,Volvo,3853807
18-2104,Volvo,853255
18-2104,Volvo,897707
18-2128,Volvo,912213
18-2128,Volvo,3850813
18-2138,Volvo,3852544
18-2146,Volvo,3850815
18-2153,Volvo,814301
18-2174,Volvo,3850812
18-21751,Volvo,3853962-3
18-21752-1,Volvo,3858437-1
18-21753,Volvo,985727
18-21753,Volvo,3853862-5
18-2199,Volvo,832675
18-2337,Volvo,3850814
18-2339,Volvo,3852384
18-2366,Volvo,876279
18-2367,Volvo,943414
18-2432,Volvo,873228
18-2433,Volvo,873229
18-2434,Volvo,3857846-4
18-2454,Volvo,3854539
18-2518,Volvo,430017
18-2519,Volvo,831622
18-2525,Volvo,430018
18-25250,Volvo,3863085
18-25251,Volvo,853868
18-2526,Volvo,430172
18-2527,Volvo,831617
18-2528,Volvo,831891
18-2529,Volvo,831892
18-2530,Volvo,1336255
18-2530,Volvo,3547991
18-2531,Volvo,834476
18-2583,Volvo,3888821
18-2584,Volvo,3888822
18-2586,Volvo,3850594
18-2596,Volvo,875422
18-2598,Volvo,3855275
18-2625,Volvo,875192
18-2726,Volvo,3888917
18-2744,Volvo,875826
18-2744,Volvo,876294
18-2755,Volvo,875827
18-2757,Volvo,875828
18-2757,Volvo,876633
18-2758,Volvo,875848
18-2758,Volvo,876631
18-2765,Volvo,3854127
18-2766,Volvo,834751
18-2774,Volvo,875847
18-2775,Volvo,875822
18-2776,Volvo,832831
18-2777,Volvo,854031
18-2778,Volvo,832846
18-2779,Volvo,3852696
18-2780-1,Volvo,3852741
18-2780-1,Volvo,3863450
18-2780-1,Volvo,3863450
18-2781,Volvo,3852742
18-2791,Volvo,3850597
18-2793,Volvo,875550
18-28050,Volvo,845363
18-2811,Volvo,461618
18-2813,Volvo,876302
18-2814,Volvo,876306
18-2815,Volvo,3852692
18-2816,Volvo,876337
18-2817,Volvo,876359
18-2818,Volvo,876433
18-2858,Volvo,3852127
18-2875-1,Volvo,3850495
18-2875-1-9,Volvo,3850495
18-2902-1,Volvo,3852468
18-2902-1-9,Volvo,3852468
18-2902-9,Volvo,3852468
18-2909,Volvo,856116
18-2909,Volvo,3853412
18-2922,Volvo,418870
18-2922,Volvo,1378911
18-2923,Volvo,419678
18-2924,Volvo,430039
18-2925,Volvo,461092
18-2925,Volvo,1378913
18-2926,Volvo,463587
18-2926,Volvo,1378864
18-2927,Volvo,463999
18-2927,Volvo,1378909
18-2928,Volvo,824633
18-2928,Volvo,856044
18-2929,Volvo,856028
18-2930,Volvo,1266796
18-2930,Volvo,1378879
18-29322,Volvo,3854215
18-29322,Volvo,3854217
18-2933,Volvo,416033
18-2933,Volvo,1317466
18-2934,Volvo,829714
18-2935,Volvo,418411
18-2936,Volvo,418445
18-2937,Volvo,418412
18-2939,Volvo,814356
18-2946,Volvo,908611
18-2946,Volvo,3853336
18-2949,Volvo,835966
18-2949,Volvo,856034
18-2965,Volvo,419310
18-2965,Volvo,419763-8
18-2966,Volvo,462623
18-2968,Volvo,1378645
18-2970,Volvo,1378646
18-2971-1,Volvo,835908-5
18-2971-1,Volvo,856039-3
18-2972,Volvo,1378870
18-2974,Volvo,418265
18-2979,Volvo,1378906
18-2980,Volvo,875401
18-2980,Volvo,876356
18-2982,Volvo,875569
18-2982,Volvo,876358
18-2983,Volvo,875400
18-2983,Volvo,876342
18-2989,Volvo,824677
18-2990,Volvo,832669
18-2991-1,Volvo,855383
18-2991-1,Volvo,855967
18-2991-1-9,Volvo,855383
18-2991-1-9,Volvo,855967
18-2991-9,Volvo,855383
18-2991-9,Volvo,855967
18-2994,Volvo,430020
18-2995,Volvo,856037
18-2996,Volvo,3852560
18-2998,Volvo,876300
18-3036,Volvo,875808-8
18-3037,Volvo,875660
18-3037,Volvo,875736
18-3037,Volvo,2430184
18-3038,Volvo,3841697
18-3038,Volvo,877061-2
18-3046,Volvo,3854286
18-3047,Volvo,835874
18-3060,Volvo,835512
18-3060,Volvo,3854286
18-3061,Volvo,835874
18-3075,Volvo,875575
18-3076,Volvo,833995
18-3076,Volvo,875583
18-3077,Volvo,3841697
18-3077,Volvo,877061-2
18-30777,Volvo,3841697
18-30778,Volvo,21213664
18-3078,Volvo,875660
18-3078,Volvo,875736
18-3078,Volvo,2430184
18-3079,Volvo,3586498
18-3079,Volvo,875807-0
18-3080,Volvo,875808
18-3081,Volvo,3858256
18-3081,Volvo,3862281
18-3081,Volvo,875811-2
18-3106,Volvo,806256
18-3106,Volvo,831009
18-3175,Volvo,858467
18-3205,Volvo,875574
18-3208,Volvo,875584
18-3209,Volvo,875383
18-3261,Volvo,875769
18-3262,Volvo,875759
18-3263,Volvo,875698
18-3274,Volvo,808007
18-3275,Volvo,877066
18-3276-1,Volvo,3862567
18-3276-1,Volvo,21213660
18-3277,Volvo,3862281
18-3287,Volvo,876120
18-32882,Volvo,3852315
18-33201,Volvo,3858967
18-33800,Volvo,3856884
18-3504,Volvo,3588475
18-3506,Volvo,21124846
18-3538,Volvo,3831424
18-3539,Volvo,3831426
18-35442,Volvo,859428
18-35443,Volvo,3582310
18-35444,Volvo,858459
18-3557,Volvo,21148403
18-3558,Volvo,3853799
18-3575,Volvo,3854017
18-3577-1,Volvo,856609
18-3577-1,Volvo,3855991
18-3584,Volvo,3853796
18-3586,Volvo,841640
18-3586-1,Volvo,841640
18-3599-1,Volvo,835390
18-3599-1,Volvo,856364
18-3599-1,Volvo,3853850
18-3615,Volvo,3587597
18-3654,Volvo,875779
18-3656,Volvo,875781
18-3656,Volvo,876097
18-3658,Volvo,875784
18-3658,Volvo,877349
18-3659,Volvo,875785
18-3660,Volvo,875787
18-3660,Volvo,3831425
18-3662,Volvo,875794
18-3662,Volvo,876305
18-3663,Volvo,875791
18-3664,Volvo,875795
18-3665,Volvo,875796
18-3666,Volvo,875580
18-3676,Volvo,3853983
18-3677,Volvo,3856961
18-36905,Volvo,3854018
18-3708-1,Volvo,3850984
18-3722,Volvo,3852005
18-3730,Volvo,3852648-9
18-3744,Volvo,3852255
18-3745,Volvo,17253-6
18-3834,Volvo,833453
18-3842,Volvo,833274
18-3843,Volvo,859155
18-3867,Volvo,859647
18-3868,Volvo,3583786
18-3869,Volvo,3854202
18-3870,Volvo,876303
18-3873,Volvo,3853587
18-3876,Volvo,841207
18-3876,Volvo,856474
18-3879,Volvo,912227
18-3879,Volvo,914930
18-3879,Volvo,3854299
18-3883,Volvo,3853732
18-3887,Volvo,3853511
18-3937,Volvo,3853268
18-3937,Volvo,3853960
18-3938,Volvo,328516
18-3938,Volvo,914557
18-3939,Volvo,914556
18-3939,Volvo,3854252
18-3944,Volvo,370409
18-4005,Volvo,833950
18-4007,Volvo,845261
18-4024,Volvo,914445
18-4024,Volvo,3853226
18-4029,Volvo,463377
18-4031,Volvo,1306630
18-4044,Volvo,834548
18-4044,Volvo,966694-2
18-4046,Volvo,958498
18-4046,Volvo,966857
18-4150,Volvo,812994
18-4160,Volvo,915236
18-4160,Volvo,3853477
18-4161,Volvo,914816
18-4161,Volvo,3853340
18-4164,Volvo,3911023
18-4173,Volvo,3911020
18-4194,Volvo,3852350
18-4200,Volvo,477024
18-4201,Volvo,192212
18-4204,Volvo,826341
18-4204,Volvo,876278
18-4205,Volvo,832820
18-4206,Volvo,832570
18-4208,Volvo,839423
18-4209,Volvo,839534
18-4210,Volvo,850785
18-4210,Volvo,854045
18-4211,Volvo,850888
18-4212,Volvo,850889
18-4213,Volvo,851261
18-4213,Volvo,854047
18-4214,Volvo,897367
18-4215,Volvo,941816
18-4216,Volvo,807036
18-4217,Volvo,82744
18-4218,Volvo,82745
18-4219,Volvo,829592
18-4234,Volvo,832965
18-4236,Volvo,941907
18-4238,Volvo,943218
18-4239,Volvo,897873
18-4241,Volvo,951924
18-4245,Volvo,463902
18-4246,Volvo,463903-5
18-4247,Volvo,463904
18-4259,Volvo,804261
18-4341,Volvo,876380
18-4342,Volvo,876376
18-4408,Volvo,3850379
18-4463,Volvo,833188
18-4464,Volvo,829620
18-4465,Volvo,3582609
18-4466,Volvo,838637
18-4467,Volvo,1542472
18-4468,Volvo,419734
18-4469,Volvo,1542389
18-4470,Volvo,419735
18-4471,Volvo,838638
18-4472,Volvo,1218630
18-4473,Volvo,419653
18-4473,Volvo,3582561
18-4474,Volvo,419652
18-4474,Volvo,3582606
18-5107-1,Volvo,3854003
18-5108,Volvo,3854001
18-5248,Volvo,3854217
18-5303,Volvo,835705
18-5303,Volvo,855846-2
18-5305,Volvo,243460
18-5305,Volvo,243799
18-5305,Volvo,1306169
18-5306,Volvo,240149
18-5310,Volvo,818701-5
18-5314,Volvo,835304
18-5319,Volvo,243801
18-5338,Volvo,835308
18-5342,Volvo,243653
18-5345,Volvo,835704
18-5348,Volvo,834560
18-5349,Volvo,841262
18-5352,Volvo,841070
18-5352,Volvo,3853815
18-5353,Volvo,841926
18-5354,Volvo,3854548
18-5356,Volvo,243797
18-5357,Volvo,243632
18-5357,Volvo,870690
18-5357,Volvo,1243632
18-5358,Volvo,841263
18-5362,Volvo,3854331
18-5369,Volvo,835702
18-5375,Volvo,841244
18-5393,Volvo,241669
18-5394,Volvo,243658
18-5403,Volvo,841907
18-5403,Volvo,855845
18-5403,Volvo,3853801
18-5405,Volvo,3854549
18-5406,Volvo,3854261
18-5408,Volvo,3854311
18-5411,Volvo,841243
18-5413,Volvo,3854218
18-5419,Volvo,818525
18-5425,Volvo,834975
18-5428,Volvo,243903
18-5433,Volvo,835998
18-5436,Volvo,35254
18-5443,Volvo,3854002
18-5467,Volvo,21436799
18-5657,Volvo,855798
18-5700,Volvo,3858081
18-5700,Volvo,3858809
18-5704,Volvo,876037
18-5705,Volvo,876039
18-5745,Volvo,3287677
18-57702,Volvo,876069
18-5806,Volvo,834520
18-5811,Volvo,3850216
18-5811,Volvo,3859054
18-5882,Volvo,3884950
18-5897,Volvo,3853787
18-5899,Volvo,3857532
18-5903,Volvo,841066-4
18-5906,Volvo,840808
18-5906,Volvo,872241
18-5911,Volvo,834893
18-5911,Volvo,855326
18-5913,Volvo,3587625
18-5913,Volvo,3853982
18-5913,Volvo,3854751
18-5913,Volvo,3856004
18-5913,Volvo,3860764
18-5913,Volvo,3885317
18-5919,Volvo,3856003
18-5920,Volvo,3854190
18-5939,Volvo,872235
18-5939,Volvo,873770
18-5939,Volvo,3803260
18-5943,Volvo,872926
18-5943,Volvo,3803227
18-5957,Volvo,3860769
18-5959,Volvo,826495
18-5959,Volvo,834609
18-5959,Volvo,834963
18-5959,Volvo,841762
18-5959,Volvo,841765
18-5959,Volvo,841766
18-59700,Volvo,841380
18-59700,Volvo,841762
18-59700,Volvo,841763
18-59700,Volvo,841765
18-59700,Volvo,841766
18-59700,Volvo,3803227
18-59700,Volvo,3803227-2
18-59700,Volvo,834625-6
18-59700,Volvo,841378-3
18-59710,Volvo,820652
18-59710,Volvo,822454
18-59710,Volvo,827303
18-59710,Volvo,847651
18-59710,Volvo,849561
18-59710,Volvo,849602
18-5979,Volvo,3860082
18-6000,Volvo,832598
18-6000,Volvo,873179
18-6000A,Volvo,832598
18-6000A,Volvo,873179
18-6001,Volvo,838929
18-6004,Volvo,852835
18-6004,Volvo,873178
18-6004A,Volvo,852835
18-6004A,Volvo,873178
18-6005,Volvo,875805
18-6009,Volvo,875815
18-6009A,Volvo,875815
18-6010,Volvo,875821
18-6010A,Volvo,875821
18-6021,Volvo,838928
18-6028,Volvo,984513
18-6028,Volvo,3855411
18-6028A,Volvo,3863193
18-6102,Volvo,3855412
18-6104,Volvo,832598
18-6104,Volvo,873179
18-6105,Volvo,852835
18-6105,Volvo,873178
18-6106,Volvo,875821
18-6123Z,Volvo,873395
18-6124Z,Volvo,872793
18-6125A,Volvo,3586461
18-6125M,Volvo,3855610
18-6125Z,Volvo,3854130
18-6126A,Volvo,3888816
18-6126M,Volvo,3888818
18-6126Z,Volvo,3888817
18-6127A,Volvo,3888813
18-6127M,Volvo,3888815
18-6127Z,Volvo,3888814
18-6128A,Volvo,
18-6128M,Volvo,
18-6128Z,Volvo,
18-6129A,Volvo,
18-6129M,Volvo,
18-6129Z,Volvo,
18-6130,Volvo,
18-6131,Volvo,
18-6261,Volvo,3857561
18-6261,Volvo,3856600-6
18-6265,Volvo,3857813
18-6266,Volvo,872300
18-6266,Volvo,876040
18-6268,Volvo,841177
18-6268,Volvo,872272
18-6271,Volvo,241812
18-6271,Volvo,870670
18-6271,Volvo,876038
18-6271,Volvo,6643474
18-6274,Volvo,852928
18-6274,Volvo,3857265
18-6275,Volvo,3857747
18-6275,Volvo,3860566
18-6291,Volvo,3854194-2
18-6292,Volvo,872241
18-6456,Volvo,855507
18-6758,Volvo,850834
18-6770,Volvo,854346
18-6779,Volvo,986280
18-6779,Volvo,3853945
18-6790,Volvo,839430
18-6791,Volvo,850046
18-6791,Volvo,852520
18-6792,Volvo,854329
18-6792,Volvo,897720
18-6804,Volvo,3861575
18-6806,Volvo,3587079
18-6806,Volvo,3857489
18-6806,Volvo,3860879
18-6817,Volvo,3858071
18-6838,Volvo,852928
18-6838,Volvo,872449
18-6838,Volvo,873051
18-6838,Volvo,3586765
18-6839,Volvo,1357199
18-6839,Volvo,3523301
18-6839,Volvo,5003564
18-6839,Volvo,1357199-7
18-6839,Volvo,3523301-4
18-6839,Volvo,5003564-1
18-6845,Volvo,3862613
18-6845,Volvo,3862665
18-6845,Volvo,3884950
18-6847,Volvo,2655301
18-6847,Volvo,3862613
18-6848,Volvo,2656299
18-6848,Volvo,3862612
18-6872,Volvo,233991
18-6872,Volvo,240501
18-6872,Volvo,837924
18-6872,Volvo,842775
18-6872,Volvo,843511
18-6872,Volvo,881681
18-6872,Volvo,847306-8
18-6881,Volvo,852928
18-6881,Volvo,872449
18-6944,Volvo,3583555
18-6944,Volvo,21323043
18-6951,Volvo,851120
18-6953,Volvo,3803645
18-6953,Volvo,8602629
18-6953,Volvo,8602710
18-6953,Volvo,8602714
18-6953,Volvo,8676496
18-6953,Volvo,8676498
18-6953,Volvo,8676499
18-6955,Volvo,849748-9
18-69550,Volvo,3854164
18-6956,Volvo,6209190
18-6958,Volvo,870998
18-6958,Volvo,881682
18-6958,Volvo,847308-4
18-7000,Volvo,841292
18-7000,Volvo,856471
18-7000,Volvo,856472
18-7000,Volvo,841836-0
18-7001,Volvo,841293-4
18-70704,Volvo,838513
18-70704,Volvo,856306
18-7072,Volvo,855889
18-7085,Volvo,875407
18-7086,Volvo,841994
18-7095,Volvo,834985-4
18-7099,Volvo,824803
18-7099,Volvo,856470
18-7102,Volvo,3852073
18-710-48-2,Volvo,3852604
18-710-64-2,Volvo,853012
18-7116,Volvo,3852045
18-7122,Volvo,925095
18-7135,Volvo,3852089
18-7141,Volvo,3852165
18-7143,Volvo,3852169
18-7149,Volvo,955989
18-7154,Volvo,949656
18-7162,Volvo,3852044
18-7168,Volvo,3852033
18-7178,Volvo,125017
18-7179,Volvo,925054
18-7180,Volvo,925055
18-7181,Volvo,925091
18-7181,Volvo,975672
18-7182,Volvo,925092
18-7183,Volvo,925093
18-7184,Volvo,925256
18-7186,Volvo,925259
18-7187,Volvo,925261
18-7188,Volvo,955983
18-7190,Volvo,925065
18-7192,Volvo,955995
18-7193,Volvo,955974
18-7194,Volvo,956000
18-7200,Volvo,841634-9
18-7229,Volvo,3854026
18-7238,Volvo,3854020
18-7241,Volvo,3855017
18-7242,Volvo,3854105
18-7244,Volvo,3854106
18-7245,Volvo,3854107
18-7246,Volvo,3854116
18-7268,Volvo,3855276
18-7281,Volvo,826493
18-7286,Volvo,841161
18-7306,Volvo,853548
18-7326,Volvo,3850809
18-7326,Volvo,3854620
18-7326,Volvo,3857986
18-7326,Volvo,3858261
18-7330,Volvo,988037
18-7330,Volvo,3854280
18-7330,Volvo,3855958
18-7330,Volvo,3857650
18-7331,Volvo,3850810
18-7331,Volvo,3857985
18-7331,Volvo,3858714
18-7406,Volvo,3852523
18-7407,Volvo,3852531
18-7492,Volvo,3854161
18-7493,Volvo,3859078
18-75125,Volvo,826423
18-75125,Volvo,845792
18-7513,Volvo,3862500
18-7601,Volvo,3854158
18-7641,Volvo,3856393
18-7641,Volvo,841047-4
18-7641,Volvo,841313-0
18-7642,Volvo,3863130
18-7643,Volvo,3859082
18-7647,Volvo,872066
18-7648,Volvo,3861267
18-7677,Volvo,3850357
18-7679,Volvo,3854905
18-7684,Volvo,3850396
18-7685,Volvo,3858941
18-7689,Volvo,3855182
18-7700,Volvo,3857487
18-7702,Volvo,3854527
18-7703,Volvo,3854512
18-7704,Volvo,3855194
18-7705,Volvo,3843751
18-7706,Volvo,3858979
18-7708,Volvo,3808516
18-7709,Volvo,3840335
18-7757,Volvo,3855296
18-7778,Volvo,3850861
18-7783,Volvo,273663
18-7789,Volvo,3852413
18-7789,Volvo,3851218-2
18-7792,Volvo,3855104
18-7824-2,Volvo,835440
18-7858,Volvo,858201
18-7859,Volvo,835576
18-7862,Volvo,841162
18-7876,Volvo,3850559
18-7878-1,Volvo,430143
18-7878-1,Volvo,1266286
18-7878-1,Volvo,3517857
18-7879-1,Volvo,841750
18-7880,Volvo,466634
18-7884,Volvo,834337
18-7888,Volvo,826648
18-7888,Volvo,862293
18-7890,Volvo,463505
18-7890,Volvo,876185
18-79007,Volvo,3825038
18-7907,Volvo,858488
18-7908,Volvo,3582358
18-7926,Volvo,423135
18-7926,Volvo,4785974
18-7942,Volvo,466987
18-7942,Volvo,3825133
18-7974,Volvo,3827069
18-7989,Volvo,3852413
18-7989,Volvo,3862228
18-7989,Volvo,3851218-2
18-79993,Volvo,
18-79998,Volvo,R80316
18-80005,Volvo,17059059
18-80006,Volvo,R80382
18-80007,Volvo,R80383
18-80008,Volvo,R7044289
18-80009,Volvo,R80378
18-8003,Volvo,8692305
18-8020,Volvo,3852170
18-8021,Volvo,3852529
18-8034,Volvo,
18-8124,Volvo,829913
18-8125,Volvo,3583443
18-8126,Volvo,861477
18-8149,Volvo,3847644
18-8200,Volvo,3852171
18-8202,Volvo,3852172
18-8203,Volvo,329653
18-8204,Volvo,324825
18-8357,Volvo,875741
18-8358,Volvo,876267
18-8359,Volvo,876268
18-8361,Volvo,576266-8
18-8368,Volvo,813967
18-8801-1,Volvo,876532-3
18-8802-1,Volvo,8757166
18-8813-1,Volvo,875571
18-8823-1,Volvo,8757166
18-8964,Volvo,3853804
18-9096,Volvo,3847547
18-9098,Volvo,174448
18-9410-2,Volvo,3842343
18-9410-4,Volvo,3842344
18-9410-7,Volvo,3858061
18-9553-2,Volvo,40005011
18-9553-3,Volvo,40005012
18-9553-5,Volvo,40005013
18-9553-7,Volvo,40005014
18-9680-2,Volvo,1141679
18-9680-5,Volvo,1141681
18-9680-7,Volvo,1141682
35-SS655,Volvo,
18-7147-9,Volvo ,949658-9
18-28044,Volvo Penta,
18-5894,Volvo Penta,3852215
18-6817,Volvo Penta,854525-3
18-6822,Volvo Penta,820545
18-6822,Volvo Penta,"852928, "
18-6846,Volvo Penta,72021
18-6846,Volvo Penta,845940
18-6846,Volvo Penta,872022
18-6846,Volvo Penta,872757
18-6846,Volvo Penta,873635
18-6846,Volvo Penta,873757
18-6846,Volvo Penta,1502272
18-6846,Volvo Penta,5001677
18-6846,Volvo Penta,3803270-2
18-6846,Volvo Penta,873757-9
18-6846,Volvo Penta,"873771, "
