[
{
    "model": "auth.permission",
    "pk": 1,
    "fields": {
        "name": "Can add Ad Impression",
        "content_type": 1,
        "codename": "add_impression"
    }
},
{
    "model": "auth.permission",
    "pk": 2,
    "fields": {
        "name": "Can change Ad Impression",
        "content_type": 1,
        "codename": "change_impression"
    }
},
{
    "model": "auth.permission",
    "pk": 3,
    "fields": {
        "name": "Can delete Ad Impression",
        "content_type": 1,
        "codename": "delete_impression"
    }
},
{
    "model": "auth.permission",
    "pk": 4,
    "fields": {
        "name": "Can add Ad",
        "content_type": 2,
        "codename": "add_ad"
    }
},
{
    "model": "auth.permission",
    "pk": 5,
    "fields": {
        "name": "Can change Ad",
        "content_type": 2,
        "codename": "change_ad"
    }
},
{
    "model": "auth.permission",
    "pk": 6,
    "fields": {
        "name": "Can delete Ad",
        "content_type": 2,
        "codename": "delete_ad"
    }
},
{
    "model": "auth.permission",
    "pk": 7,
    "fields": {
        "name": "Can add Advertiser",
        "content_type": 3,
        "codename": "add_advertiser"
    }
},
{
    "model": "auth.permission",
    "pk": 8,
    "fields": {
        "name": "Can change Advertiser",
        "content_type": 3,
        "codename": "change_advertiser"
    }
},
{
    "model": "auth.permission",
    "pk": 9,
    "fields": {
        "name": "Can delete Advertiser",
        "content_type": 3,
        "codename": "delete_advertiser"
    }
},
{
    "model": "auth.permission",
    "pk": 10,
    "fields": {
        "name": "Can add Ad Click",
        "content_type": 4,
        "codename": "add_click"
    }
},
{
    "model": "auth.permission",
    "pk": 11,
    "fields": {
        "name": "Can change Ad Click",
        "content_type": 4,
        "codename": "change_click"
    }
},
{
    "model": "auth.permission",
    "pk": 12,
    "fields": {
        "name": "Can delete Ad Click",
        "content_type": 4,
        "codename": "delete_click"
    }
},
{
    "model": "auth.permission",
    "pk": 13,
    "fields": {
        "name": "Can add ad image",
        "content_type": 5,
        "codename": "add_adimage"
    }
},
{
    "model": "auth.permission",
    "pk": 14,
    "fields": {
        "name": "Can change ad image",
        "content_type": 5,
        "codename": "change_adimage"
    }
},
{
    "model": "auth.permission",
    "pk": 15,
    "fields": {
        "name": "Can delete ad image",
        "content_type": 5,
        "codename": "delete_adimage"
    }
},
{
    "model": "auth.permission",
    "pk": 16,
    "fields": {
        "name": "Can add Category",
        "content_type": 6,
        "codename": "add_category"
    }
},
{
    "model": "auth.permission",
    "pk": 17,
    "fields": {
        "name": "Can change Category",
        "content_type": 6,
        "codename": "change_category"
    }
},
{
    "model": "auth.permission",
    "pk": 18,
    "fields": {
        "name": "Can delete Category",
        "content_type": 6,
        "codename": "delete_category"
    }
},
{
    "model": "auth.permission",
    "pk": 19,
    "fields": {
        "name": "Can add log entry",
        "content_type": 7,
        "codename": "add_logentry"
    }
},
{
    "model": "auth.permission",
    "pk": 20,
    "fields": {
        "name": "Can change log entry",
        "content_type": 7,
        "codename": "change_logentry"
    }
},
{
    "model": "auth.permission",
    "pk": 21,
    "fields": {
        "name": "Can delete log entry",
        "content_type": 7,
        "codename": "delete_logentry"
    }
},
{
    "model": "auth.permission",
    "pk": 22,
    "fields": {
        "name": "Can add permission",
        "content_type": 8,
        "codename": "add_permission"
    }
},
{
    "model": "auth.permission",
    "pk": 23,
    "fields": {
        "name": "Can change permission",
        "content_type": 8,
        "codename": "change_permission"
    }
},
{
    "model": "auth.permission",
    "pk": 24,
    "fields": {
        "name": "Can delete permission",
        "content_type": 8,
        "codename": "delete_permission"
    }
},
{
    "model": "auth.permission",
    "pk": 25,
    "fields": {
        "name": "Can add group",
        "content_type": 9,
        "codename": "add_group"
    }
},
{
    "model": "auth.permission",
    "pk": 26,
    "fields": {
        "name": "Can change group",
        "content_type": 9,
        "codename": "change_group"
    }
},
{
    "model": "auth.permission",
    "pk": 27,
    "fields": {
        "name": "Can delete group",
        "content_type": 9,
        "codename": "delete_group"
    }
},
{
    "model": "auth.permission",
    "pk": 28,
    "fields": {
        "name": "Can add content type",
        "content_type": 10,
        "codename": "add_contenttype"
    }
},
{
    "model": "auth.permission",
    "pk": 29,
    "fields": {
        "name": "Can change content type",
        "content_type": 10,
        "codename": "change_contenttype"
    }
},
{
    "model": "auth.permission",
    "pk": 30,
    "fields": {
        "name": "Can delete content type",
        "content_type": 10,
        "codename": "delete_contenttype"
    }
},
{
    "model": "auth.permission",
    "pk": 31,
    "fields": {
        "name": "Can add session",
        "content_type": 11,
        "codename": "add_session"
    }
},
{
    "model": "auth.permission",
    "pk": 32,
    "fields": {
        "name": "Can change session",
        "content_type": 11,
        "codename": "change_session"
    }
},
{
    "model": "auth.permission",
    "pk": 33,
    "fields": {
        "name": "Can delete session",
        "content_type": 11,
        "codename": "delete_session"
    }
},
{
    "model": "auth.permission",
    "pk": 34,
    "fields": {
        "name": "Can add site",
        "content_type": 12,
        "codename": "add_site"
    }
},
{
    "model": "auth.permission",
    "pk": 35,
    "fields": {
        "name": "Can change site",
        "content_type": 12,
        "codename": "change_site"
    }
},
{
    "model": "auth.permission",
    "pk": 36,
    "fields": {
        "name": "Can delete site",
        "content_type": 12,
        "codename": "delete_site"
    }
},
{
    "model": "auth.permission",
    "pk": 37,
    "fields": {
        "name": "Can add flat page",
        "content_type": 13,
        "codename": "add_flatpage"
    }
},
{
    "model": "auth.permission",
    "pk": 38,
    "fields": {
        "name": "Can change flat page",
        "content_type": 13,
        "codename": "change_flatpage"
    }
},
{
    "model": "auth.permission",
    "pk": 39,
    "fields": {
        "name": "Can delete flat page",
        "content_type": 13,
        "codename": "delete_flatpage"
    }
},
{
    "model": "auth.permission",
    "pk": 40,
    "fields": {
        "name": "Can add customer",
        "content_type": 14,
        "codename": "add_customer"
    }
},
{
    "model": "auth.permission",
    "pk": 41,
    "fields": {
        "name": "Can change customer",
        "content_type": 14,
        "codename": "change_customer"
    }
},
{
    "model": "auth.permission",
    "pk": 42,
    "fields": {
        "name": "Can delete customer",
        "content_type": 14,
        "codename": "delete_customer"
    }
},
{
    "model": "auth.permission",
    "pk": 43,
    "fields": {
        "name": "Can add store",
        "content_type": 15,
        "codename": "add_store"
    }
},
{
    "model": "auth.permission",
    "pk": 44,
    "fields": {
        "name": "Can change store",
        "content_type": 15,
        "codename": "change_store"
    }
},
{
    "model": "auth.permission",
    "pk": 45,
    "fields": {
        "name": "Can delete store",
        "content_type": 15,
        "codename": "delete_store"
    }
},
{
    "model": "auth.permission",
    "pk": 46,
    "fields": {
        "name": "Can add note",
        "content_type": 16,
        "codename": "add_note"
    }
},
{
    "model": "auth.permission",
    "pk": 47,
    "fields": {
        "name": "Can change note",
        "content_type": 16,
        "codename": "change_note"
    }
},
{
    "model": "auth.permission",
    "pk": 48,
    "fields": {
        "name": "Can delete note",
        "content_type": 16,
        "codename": "delete_note"
    }
},
{
    "model": "auth.permission",
    "pk": 49,
    "fields": {
        "name": "Can add User",
        "content_type": 17,
        "codename": "add_user"
    }
},
{
    "model": "auth.permission",
    "pk": 50,
    "fields": {
        "name": "Can change User",
        "content_type": 17,
        "codename": "change_user"
    }
},
{
    "model": "auth.permission",
    "pk": 51,
    "fields": {
        "name": "Can delete User",
        "content_type": 17,
        "codename": "delete_user"
    }
},
{
    "model": "auth.permission",
    "pk": 52,
    "fields": {
        "name": "Can add User search query",
        "content_type": 18,
        "codename": "add_usersearch"
    }
},
{
    "model": "auth.permission",
    "pk": 53,
    "fields": {
        "name": "Can change User search query",
        "content_type": 18,
        "codename": "change_usersearch"
    }
},
{
    "model": "auth.permission",
    "pk": 54,
    "fields": {
        "name": "Can delete User search query",
        "content_type": 18,
        "codename": "delete_usersearch"
    }
},
{
    "model": "auth.permission",
    "pk": 55,
    "fields": {
        "name": "Can add User record",
        "content_type": 19,
        "codename": "add_userrecord"
    }
},
{
    "model": "auth.permission",
    "pk": 56,
    "fields": {
        "name": "Can change User record",
        "content_type": 19,
        "codename": "change_userrecord"
    }
},
{
    "model": "auth.permission",
    "pk": 57,
    "fields": {
        "name": "Can delete User record",
        "content_type": 19,
        "codename": "delete_userrecord"
    }
},
{
    "model": "auth.permission",
    "pk": 58,
    "fields": {
        "name": "Can add Product record",
        "content_type": 20,
        "codename": "add_productrecord"
    }
},
{
    "model": "auth.permission",
    "pk": 59,
    "fields": {
        "name": "Can change Product record",
        "content_type": 20,
        "codename": "change_productrecord"
    }
},
{
    "model": "auth.permission",
    "pk": 60,
    "fields": {
        "name": "Can delete Product record",
        "content_type": 20,
        "codename": "delete_productrecord"
    }
},
{
    "model": "auth.permission",
    "pk": 61,
    "fields": {
        "name": "Can add User product view",
        "content_type": 21,
        "codename": "add_userproductview"
    }
},
{
    "model": "auth.permission",
    "pk": 62,
    "fields": {
        "name": "Can change User product view",
        "content_type": 21,
        "codename": "change_userproductview"
    }
},
{
    "model": "auth.permission",
    "pk": 63,
    "fields": {
        "name": "Can delete User product view",
        "content_type": 21,
        "codename": "delete_userproductview"
    }
},
{
    "model": "auth.permission",
    "pk": 64,
    "fields": {
        "name": "Can add Country",
        "content_type": 22,
        "codename": "add_country"
    }
},
{
    "model": "auth.permission",
    "pk": 65,
    "fields": {
        "name": "Can change Country",
        "content_type": 22,
        "codename": "change_country"
    }
},
{
    "model": "auth.permission",
    "pk": 66,
    "fields": {
        "name": "Can delete Country",
        "content_type": 22,
        "codename": "delete_country"
    }
},
{
    "model": "auth.permission",
    "pk": 67,
    "fields": {
        "name": "Can add User address",
        "content_type": 23,
        "codename": "add_useraddress"
    }
},
{
    "model": "auth.permission",
    "pk": 68,
    "fields": {
        "name": "Can change User address",
        "content_type": 23,
        "codename": "change_useraddress"
    }
},
{
    "model": "auth.permission",
    "pk": 69,
    "fields": {
        "name": "Can delete User address",
        "content_type": 23,
        "codename": "delete_useraddress"
    }
},
{
    "model": "auth.permission",
    "pk": 70,
    "fields": {
        "name": "Can add Order and Item Charge",
        "content_type": 24,
        "codename": "add_orderanditemcharges"
    }
},
{
    "model": "auth.permission",
    "pk": 71,
    "fields": {
        "name": "Can change Order and Item Charge",
        "content_type": 24,
        "codename": "change_orderanditemcharges"
    }
},
{
    "model": "auth.permission",
    "pk": 72,
    "fields": {
        "name": "Can delete Order and Item Charge",
        "content_type": 24,
        "codename": "delete_orderanditemcharges"
    }
},
{
    "model": "auth.permission",
    "pk": 73,
    "fields": {
        "name": "Can add Weight Band",
        "content_type": 25,
        "codename": "add_weightband"
    }
},
{
    "model": "auth.permission",
    "pk": 74,
    "fields": {
        "name": "Can change Weight Band",
        "content_type": 25,
        "codename": "change_weightband"
    }
},
{
    "model": "auth.permission",
    "pk": 75,
    "fields": {
        "name": "Can delete Weight Band",
        "content_type": 25,
        "codename": "delete_weightband"
    }
},
{
    "model": "auth.permission",
    "pk": 76,
    "fields": {
        "name": "Can add Weight-based Shipping Method",
        "content_type": 26,
        "codename": "add_weightbased"
    }
},
{
    "model": "auth.permission",
    "pk": 77,
    "fields": {
        "name": "Can change Weight-based Shipping Method",
        "content_type": 26,
        "codename": "change_weightbased"
    }
},
{
    "model": "auth.permission",
    "pk": 78,
    "fields": {
        "name": "Can delete Weight-based Shipping Method",
        "content_type": 26,
        "codename": "delete_weightbased"
    }
},
{
    "model": "auth.permission",
    "pk": 79,
    "fields": {
        "name": "Can add Option",
        "content_type": 27,
        "codename": "add_option"
    }
},
{
    "model": "auth.permission",
    "pk": 80,
    "fields": {
        "name": "Can change Option",
        "content_type": 27,
        "codename": "change_option"
    }
},
{
    "model": "auth.permission",
    "pk": 81,
    "fields": {
        "name": "Can delete Option",
        "content_type": 27,
        "codename": "delete_option"
    }
},
{
    "model": "auth.permission",
    "pk": 82,
    "fields": {
        "name": "Can add Product",
        "content_type": 28,
        "codename": "add_product"
    }
},
{
    "model": "auth.permission",
    "pk": 83,
    "fields": {
        "name": "Can change Product",
        "content_type": 28,
        "codename": "change_product"
    }
},
{
    "model": "auth.permission",
    "pk": 84,
    "fields": {
        "name": "Can delete Product",
        "content_type": 28,
        "codename": "delete_product"
    }
},
{
    "model": "auth.permission",
    "pk": 85,
    "fields": {
        "name": "Can add Product attribute",
        "content_type": 29,
        "codename": "add_productattribute"
    }
},
{
    "model": "auth.permission",
    "pk": 86,
    "fields": {
        "name": "Can change Product attribute",
        "content_type": 29,
        "codename": "change_productattribute"
    }
},
{
    "model": "auth.permission",
    "pk": 87,
    "fields": {
        "name": "Can delete Product attribute",
        "content_type": 29,
        "codename": "delete_productattribute"
    }
},
{
    "model": "auth.permission",
    "pk": 88,
    "fields": {
        "name": "Can add Attribute option group",
        "content_type": 30,
        "codename": "add_attributeoptiongroup"
    }
},
{
    "model": "auth.permission",
    "pk": 89,
    "fields": {
        "name": "Can change Attribute option group",
        "content_type": 30,
        "codename": "change_attributeoptiongroup"
    }
},
{
    "model": "auth.permission",
    "pk": 90,
    "fields": {
        "name": "Can delete Attribute option group",
        "content_type": 30,
        "codename": "delete_attributeoptiongroup"
    }
},
{
    "model": "auth.permission",
    "pk": 91,
    "fields": {
        "name": "Can add Product recommendation",
        "content_type": 31,
        "codename": "add_productrecommendation"
    }
},
{
    "model": "auth.permission",
    "pk": 92,
    "fields": {
        "name": "Can change Product recommendation",
        "content_type": 31,
        "codename": "change_productrecommendation"
    }
},
{
    "model": "auth.permission",
    "pk": 93,
    "fields": {
        "name": "Can delete Product recommendation",
        "content_type": 31,
        "codename": "delete_productrecommendation"
    }
},
{
    "model": "auth.permission",
    "pk": 94,
    "fields": {
        "name": "Can add Product category",
        "content_type": 32,
        "codename": "add_productcategory"
    }
},
{
    "model": "auth.permission",
    "pk": 95,
    "fields": {
        "name": "Can change Product category",
        "content_type": 32,
        "codename": "change_productcategory"
    }
},
{
    "model": "auth.permission",
    "pk": 96,
    "fields": {
        "name": "Can delete Product category",
        "content_type": 32,
        "codename": "delete_productcategory"
    }
},
{
    "model": "auth.permission",
    "pk": 97,
    "fields": {
        "name": "Can add Attribute option",
        "content_type": 33,
        "codename": "add_attributeoption"
    }
},
{
    "model": "auth.permission",
    "pk": 98,
    "fields": {
        "name": "Can change Attribute option",
        "content_type": 33,
        "codename": "change_attributeoption"
    }
},
{
    "model": "auth.permission",
    "pk": 99,
    "fields": {
        "name": "Can delete Attribute option",
        "content_type": 33,
        "codename": "delete_attributeoption"
    }
},
{
    "model": "auth.permission",
    "pk": 100,
    "fields": {
        "name": "Can add Product image",
        "content_type": 34,
        "codename": "add_productimage"
    }
},
{
    "model": "auth.permission",
    "pk": 101,
    "fields": {
        "name": "Can change Product image",
        "content_type": 34,
        "codename": "change_productimage"
    }
},
{
    "model": "auth.permission",
    "pk": 102,
    "fields": {
        "name": "Can delete Product image",
        "content_type": 34,
        "codename": "delete_productimage"
    }
},
{
    "model": "auth.permission",
    "pk": 103,
    "fields": {
        "name": "Can add Product attribute value",
        "content_type": 35,
        "codename": "add_productattributevalue"
    }
},
{
    "model": "auth.permission",
    "pk": 104,
    "fields": {
        "name": "Can change Product attribute value",
        "content_type": 35,
        "codename": "change_productattributevalue"
    }
},
{
    "model": "auth.permission",
    "pk": 105,
    "fields": {
        "name": "Can delete Product attribute value",
        "content_type": 35,
        "codename": "delete_productattributevalue"
    }
},
{
    "model": "auth.permission",
    "pk": 106,
    "fields": {
        "name": "Can add Category",
        "content_type": 36,
        "codename": "add_category"
    }
},
{
    "model": "auth.permission",
    "pk": 107,
    "fields": {
        "name": "Can change Category",
        "content_type": 36,
        "codename": "change_category"
    }
},
{
    "model": "auth.permission",
    "pk": 108,
    "fields": {
        "name": "Can delete Category",
        "content_type": 36,
        "codename": "delete_category"
    }
},
{
    "model": "auth.permission",
    "pk": 109,
    "fields": {
        "name": "Can add Product class",
        "content_type": 37,
        "codename": "add_productclass"
    }
},
{
    "model": "auth.permission",
    "pk": 110,
    "fields": {
        "name": "Can change Product class",
        "content_type": 37,
        "codename": "change_productclass"
    }
},
{
    "model": "auth.permission",
    "pk": 111,
    "fields": {
        "name": "Can delete Product class",
        "content_type": 37,
        "codename": "delete_productclass"
    }
},
{
    "model": "auth.permission",
    "pk": 112,
    "fields": {
        "name": "Can add Vote",
        "content_type": 38,
        "codename": "add_vote"
    }
},
{
    "model": "auth.permission",
    "pk": 113,
    "fields": {
        "name": "Can change Vote",
        "content_type": 38,
        "codename": "change_vote"
    }
},
{
    "model": "auth.permission",
    "pk": 114,
    "fields": {
        "name": "Can delete Vote",
        "content_type": 38,
        "codename": "delete_vote"
    }
},
{
    "model": "auth.permission",
    "pk": 115,
    "fields": {
        "name": "Can add Product review",
        "content_type": 39,
        "codename": "add_productreview"
    }
},
{
    "model": "auth.permission",
    "pk": 116,
    "fields": {
        "name": "Can change Product review",
        "content_type": 39,
        "codename": "change_productreview"
    }
},
{
    "model": "auth.permission",
    "pk": 117,
    "fields": {
        "name": "Can delete Product review",
        "content_type": 39,
        "codename": "delete_productreview"
    }
},
{
    "model": "auth.permission",
    "pk": 118,
    "fields": {
        "name": "Can add Fulfillment partner",
        "content_type": 40,
        "codename": "add_partner"
    }
},
{
    "model": "auth.permission",
    "pk": 119,
    "fields": {
        "name": "Can change Fulfillment partner",
        "content_type": 40,
        "codename": "change_partner"
    }
},
{
    "model": "auth.permission",
    "pk": 120,
    "fields": {
        "name": "Can delete Fulfillment partner",
        "content_type": 40,
        "codename": "delete_partner"
    }
},
{
    "model": "auth.permission",
    "pk": 121,
    "fields": {
        "name": "Can access dashboard",
        "content_type": 40,
        "codename": "dashboard_access"
    }
},
{
    "model": "auth.permission",
    "pk": 122,
    "fields": {
        "name": "Can add Stock alert",
        "content_type": 41,
        "codename": "add_stockalert"
    }
},
{
    "model": "auth.permission",
    "pk": 123,
    "fields": {
        "name": "Can change Stock alert",
        "content_type": 41,
        "codename": "change_stockalert"
    }
},
{
    "model": "auth.permission",
    "pk": 124,
    "fields": {
        "name": "Can delete Stock alert",
        "content_type": 41,
        "codename": "delete_stockalert"
    }
},
{
    "model": "auth.permission",
    "pk": 125,
    "fields": {
        "name": "Can add Stock record",
        "content_type": 42,
        "codename": "add_stockrecord"
    }
},
{
    "model": "auth.permission",
    "pk": 126,
    "fields": {
        "name": "Can change Stock record",
        "content_type": 42,
        "codename": "change_stockrecord"
    }
},
{
    "model": "auth.permission",
    "pk": 127,
    "fields": {
        "name": "Can delete Stock record",
        "content_type": 42,
        "codename": "delete_stockrecord"
    }
},
{
    "model": "auth.permission",
    "pk": 128,
    "fields": {
        "name": "Can add Partner address",
        "content_type": 43,
        "codename": "add_partneraddress"
    }
},
{
    "model": "auth.permission",
    "pk": 129,
    "fields": {
        "name": "Can change Partner address",
        "content_type": 43,
        "codename": "change_partneraddress"
    }
},
{
    "model": "auth.permission",
    "pk": 130,
    "fields": {
        "name": "Can delete Partner address",
        "content_type": 43,
        "codename": "delete_partneraddress"
    }
},
{
    "model": "auth.permission",
    "pk": 131,
    "fields": {
        "name": "Can add Line attribute",
        "content_type": 44,
        "codename": "add_lineattribute"
    }
},
{
    "model": "auth.permission",
    "pk": 132,
    "fields": {
        "name": "Can change Line attribute",
        "content_type": 44,
        "codename": "change_lineattribute"
    }
},
{
    "model": "auth.permission",
    "pk": 133,
    "fields": {
        "name": "Can delete Line attribute",
        "content_type": 44,
        "codename": "delete_lineattribute"
    }
},
{
    "model": "auth.permission",
    "pk": 134,
    "fields": {
        "name": "Can add Basket line",
        "content_type": 45,
        "codename": "add_line"
    }
},
{
    "model": "auth.permission",
    "pk": 135,
    "fields": {
        "name": "Can change Basket line",
        "content_type": 45,
        "codename": "change_line"
    }
},
{
    "model": "auth.permission",
    "pk": 136,
    "fields": {
        "name": "Can delete Basket line",
        "content_type": 45,
        "codename": "delete_line"
    }
},
{
    "model": "auth.permission",
    "pk": 137,
    "fields": {
        "name": "Can add Basket",
        "content_type": 46,
        "codename": "add_basket"
    }
},
{
    "model": "auth.permission",
    "pk": 138,
    "fields": {
        "name": "Can change Basket",
        "content_type": 46,
        "codename": "change_basket"
    }
},
{
    "model": "auth.permission",
    "pk": 139,
    "fields": {
        "name": "Can delete Basket",
        "content_type": 46,
        "codename": "delete_basket"
    }
},
{
    "model": "auth.permission",
    "pk": 140,
    "fields": {
        "name": "Can add Source",
        "content_type": 47,
        "codename": "add_source"
    }
},
{
    "model": "auth.permission",
    "pk": 141,
    "fields": {
        "name": "Can change Source",
        "content_type": 47,
        "codename": "change_source"
    }
},
{
    "model": "auth.permission",
    "pk": 142,
    "fields": {
        "name": "Can delete Source",
        "content_type": 47,
        "codename": "delete_source"
    }
},
{
    "model": "auth.permission",
    "pk": 143,
    "fields": {
        "name": "Can add Bankcard",
        "content_type": 48,
        "codename": "add_bankcard"
    }
},
{
    "model": "auth.permission",
    "pk": 144,
    "fields": {
        "name": "Can change Bankcard",
        "content_type": 48,
        "codename": "change_bankcard"
    }
},
{
    "model": "auth.permission",
    "pk": 145,
    "fields": {
        "name": "Can delete Bankcard",
        "content_type": 48,
        "codename": "delete_bankcard"
    }
},
{
    "model": "auth.permission",
    "pk": 146,
    "fields": {
        "name": "Can add Source Type",
        "content_type": 49,
        "codename": "add_sourcetype"
    }
},
{
    "model": "auth.permission",
    "pk": 147,
    "fields": {
        "name": "Can change Source Type",
        "content_type": 49,
        "codename": "change_sourcetype"
    }
},
{
    "model": "auth.permission",
    "pk": 148,
    "fields": {
        "name": "Can delete Source Type",
        "content_type": 49,
        "codename": "delete_sourcetype"
    }
},
{
    "model": "auth.permission",
    "pk": 149,
    "fields": {
        "name": "Can add Transaction",
        "content_type": 50,
        "codename": "add_transaction"
    }
},
{
    "model": "auth.permission",
    "pk": 150,
    "fields": {
        "name": "Can change Transaction",
        "content_type": 50,
        "codename": "change_transaction"
    }
},
{
    "model": "auth.permission",
    "pk": 151,
    "fields": {
        "name": "Can delete Transaction",
        "content_type": 50,
        "codename": "delete_transaction"
    }
},
{
    "model": "auth.permission",
    "pk": 152,
    "fields": {
        "name": "Can add Conditional offer",
        "content_type": 51,
        "codename": "add_conditionaloffer"
    }
},
{
    "model": "auth.permission",
    "pk": 153,
    "fields": {
        "name": "Can change Conditional offer",
        "content_type": 51,
        "codename": "change_conditionaloffer"
    }
},
{
    "model": "auth.permission",
    "pk": 154,
    "fields": {
        "name": "Can delete Conditional offer",
        "content_type": 51,
        "codename": "delete_conditionaloffer"
    }
},
{
    "model": "auth.permission",
    "pk": 155,
    "fields": {
        "name": "Can add Range",
        "content_type": 52,
        "codename": "add_range"
    }
},
{
    "model": "auth.permission",
    "pk": 156,
    "fields": {
        "name": "Can change Range",
        "content_type": 52,
        "codename": "change_range"
    }
},
{
    "model": "auth.permission",
    "pk": 157,
    "fields": {
        "name": "Can delete Range",
        "content_type": 52,
        "codename": "delete_range"
    }
},
{
    "model": "auth.permission",
    "pk": 158,
    "fields": {
        "name": "Can add Benefit",
        "content_type": 53,
        "codename": "add_benefit"
    }
},
{
    "model": "auth.permission",
    "pk": 159,
    "fields": {
        "name": "Can change Benefit",
        "content_type": 53,
        "codename": "change_benefit"
    }
},
{
    "model": "auth.permission",
    "pk": 160,
    "fields": {
        "name": "Can delete Benefit",
        "content_type": 53,
        "codename": "delete_benefit"
    }
},
{
    "model": "auth.permission",
    "pk": 161,
    "fields": {
        "name": "Can add Absolute discount benefit",
        "content_type": 53,
        "codename": "add_absolutediscountbenefit"
    }
},
{
    "model": "auth.permission",
    "pk": 162,
    "fields": {
        "name": "Can change Absolute discount benefit",
        "content_type": 53,
        "codename": "change_absolutediscountbenefit"
    }
},
{
    "model": "auth.permission",
    "pk": 163,
    "fields": {
        "name": "Can delete Absolute discount benefit",
        "content_type": 53,
        "codename": "delete_absolutediscountbenefit"
    }
},
{
    "model": "auth.permission",
    "pk": 164,
    "fields": {
        "name": "Can add Fixed price benefit",
        "content_type": 53,
        "codename": "add_fixedpricebenefit"
    }
},
{
    "model": "auth.permission",
    "pk": 165,
    "fields": {
        "name": "Can change Fixed price benefit",
        "content_type": 53,
        "codename": "change_fixedpricebenefit"
    }
},
{
    "model": "auth.permission",
    "pk": 166,
    "fields": {
        "name": "Can delete Fixed price benefit",
        "content_type": 53,
        "codename": "delete_fixedpricebenefit"
    }
},
{
    "model": "auth.permission",
    "pk": 167,
    "fields": {
        "name": "Can add Condition",
        "content_type": 54,
        "codename": "add_condition"
    }
},
{
    "model": "auth.permission",
    "pk": 168,
    "fields": {
        "name": "Can change Condition",
        "content_type": 54,
        "codename": "change_condition"
    }
},
{
    "model": "auth.permission",
    "pk": 169,
    "fields": {
        "name": "Can delete Condition",
        "content_type": 54,
        "codename": "delete_condition"
    }
},
{
    "model": "auth.permission",
    "pk": 170,
    "fields": {
        "name": "Can add Percentage discount benefit",
        "content_type": 53,
        "codename": "add_percentagediscountbenefit"
    }
},
{
    "model": "auth.permission",
    "pk": 171,
    "fields": {
        "name": "Can change Percentage discount benefit",
        "content_type": 53,
        "codename": "change_percentagediscountbenefit"
    }
},
{
    "model": "auth.permission",
    "pk": 172,
    "fields": {
        "name": "Can delete Percentage discount benefit",
        "content_type": 53,
        "codename": "delete_percentagediscountbenefit"
    }
},
{
    "model": "auth.permission",
    "pk": 173,
    "fields": {
        "name": "Can add Count condition",
        "content_type": 54,
        "codename": "add_countcondition"
    }
},
{
    "model": "auth.permission",
    "pk": 174,
    "fields": {
        "name": "Can change Count condition",
        "content_type": 54,
        "codename": "change_countcondition"
    }
},
{
    "model": "auth.permission",
    "pk": 175,
    "fields": {
        "name": "Can delete Count condition",
        "content_type": 54,
        "codename": "delete_countcondition"
    }
},
{
    "model": "auth.permission",
    "pk": 176,
    "fields": {
        "name": "Can add Range Product Uploaded File",
        "content_type": 55,
        "codename": "add_rangeproductfileupload"
    }
},
{
    "model": "auth.permission",
    "pk": 177,
    "fields": {
        "name": "Can change Range Product Uploaded File",
        "content_type": 55,
        "codename": "change_rangeproductfileupload"
    }
},
{
    "model": "auth.permission",
    "pk": 178,
    "fields": {
        "name": "Can delete Range Product Uploaded File",
        "content_type": 55,
        "codename": "delete_rangeproductfileupload"
    }
},
{
    "model": "auth.permission",
    "pk": 179,
    "fields": {
        "name": "Can add range product",
        "content_type": 56,
        "codename": "add_rangeproduct"
    }
},
{
    "model": "auth.permission",
    "pk": 180,
    "fields": {
        "name": "Can change range product",
        "content_type": 56,
        "codename": "change_rangeproduct"
    }
},
{
    "model": "auth.permission",
    "pk": 181,
    "fields": {
        "name": "Can delete range product",
        "content_type": 56,
        "codename": "delete_rangeproduct"
    }
},
{
    "model": "auth.permission",
    "pk": 182,
    "fields": {
        "name": "Can add Multibuy discount benefit",
        "content_type": 53,
        "codename": "add_multibuydiscountbenefit"
    }
},
{
    "model": "auth.permission",
    "pk": 183,
    "fields": {
        "name": "Can change Multibuy discount benefit",
        "content_type": 53,
        "codename": "change_multibuydiscountbenefit"
    }
},
{
    "model": "auth.permission",
    "pk": 184,
    "fields": {
        "name": "Can delete Multibuy discount benefit",
        "content_type": 53,
        "codename": "delete_multibuydiscountbenefit"
    }
},
{
    "model": "auth.permission",
    "pk": 185,
    "fields": {
        "name": "Can add Coverage Condition",
        "content_type": 54,
        "codename": "add_coveragecondition"
    }
},
{
    "model": "auth.permission",
    "pk": 186,
    "fields": {
        "name": "Can change Coverage Condition",
        "content_type": 54,
        "codename": "change_coveragecondition"
    }
},
{
    "model": "auth.permission",
    "pk": 187,
    "fields": {
        "name": "Can delete Coverage Condition",
        "content_type": 54,
        "codename": "delete_coveragecondition"
    }
},
{
    "model": "auth.permission",
    "pk": 188,
    "fields": {
        "name": "Can add shipping benefit",
        "content_type": 53,
        "codename": "add_shippingbenefit"
    }
},
{
    "model": "auth.permission",
    "pk": 189,
    "fields": {
        "name": "Can change shipping benefit",
        "content_type": 53,
        "codename": "change_shippingbenefit"
    }
},
{
    "model": "auth.permission",
    "pk": 190,
    "fields": {
        "name": "Can delete shipping benefit",
        "content_type": 53,
        "codename": "delete_shippingbenefit"
    }
},
{
    "model": "auth.permission",
    "pk": 191,
    "fields": {
        "name": "Can add Shipping absolute discount benefit",
        "content_type": 53,
        "codename": "add_shippingabsolutediscountbenefit"
    }
},
{
    "model": "auth.permission",
    "pk": 192,
    "fields": {
        "name": "Can change Shipping absolute discount benefit",
        "content_type": 53,
        "codename": "change_shippingabsolutediscountbenefit"
    }
},
{
    "model": "auth.permission",
    "pk": 193,
    "fields": {
        "name": "Can delete Shipping absolute discount benefit",
        "content_type": 53,
        "codename": "delete_shippingabsolutediscountbenefit"
    }
},
{
    "model": "auth.permission",
    "pk": 194,
    "fields": {
        "name": "Can add Value condition",
        "content_type": 54,
        "codename": "add_valuecondition"
    }
},
{
    "model": "auth.permission",
    "pk": 195,
    "fields": {
        "name": "Can change Value condition",
        "content_type": 54,
        "codename": "change_valuecondition"
    }
},
{
    "model": "auth.permission",
    "pk": 196,
    "fields": {
        "name": "Can delete Value condition",
        "content_type": 54,
        "codename": "delete_valuecondition"
    }
},
{
    "model": "auth.permission",
    "pk": 197,
    "fields": {
        "name": "Can add Fixed price shipping benefit",
        "content_type": 53,
        "codename": "add_shippingfixedpricebenefit"
    }
},
{
    "model": "auth.permission",
    "pk": 198,
    "fields": {
        "name": "Can change Fixed price shipping benefit",
        "content_type": 53,
        "codename": "change_shippingfixedpricebenefit"
    }
},
{
    "model": "auth.permission",
    "pk": 199,
    "fields": {
        "name": "Can delete Fixed price shipping benefit",
        "content_type": 53,
        "codename": "delete_shippingfixedpricebenefit"
    }
},
{
    "model": "auth.permission",
    "pk": 200,
    "fields": {
        "name": "Can add Shipping percentage discount benefit",
        "content_type": 53,
        "codename": "add_shippingpercentagediscountbenefit"
    }
},
{
    "model": "auth.permission",
    "pk": 201,
    "fields": {
        "name": "Can change Shipping percentage discount benefit",
        "content_type": 53,
        "codename": "change_shippingpercentagediscountbenefit"
    }
},
{
    "model": "auth.permission",
    "pk": 202,
    "fields": {
        "name": "Can delete Shipping percentage discount benefit",
        "content_type": 53,
        "codename": "delete_shippingpercentagediscountbenefit"
    }
},
{
    "model": "auth.permission",
    "pk": 203,
    "fields": {
        "name": "Can add Payment Event Quantity",
        "content_type": 68,
        "codename": "add_paymenteventquantity"
    }
},
{
    "model": "auth.permission",
    "pk": 204,
    "fields": {
        "name": "Can change Payment Event Quantity",
        "content_type": 68,
        "codename": "change_paymenteventquantity"
    }
},
{
    "model": "auth.permission",
    "pk": 205,
    "fields": {
        "name": "Can delete Payment Event Quantity",
        "content_type": 68,
        "codename": "delete_paymenteventquantity"
    }
},
{
    "model": "auth.permission",
    "pk": 206,
    "fields": {
        "name": "Can add Communication Event",
        "content_type": 69,
        "codename": "add_communicationevent"
    }
},
{
    "model": "auth.permission",
    "pk": 207,
    "fields": {
        "name": "Can change Communication Event",
        "content_type": 69,
        "codename": "change_communicationevent"
    }
},
{
    "model": "auth.permission",
    "pk": 208,
    "fields": {
        "name": "Can delete Communication Event",
        "content_type": 69,
        "codename": "delete_communicationevent"
    }
},
{
    "model": "auth.permission",
    "pk": 209,
    "fields": {
        "name": "Can add Order Discount",
        "content_type": 70,
        "codename": "add_orderdiscount"
    }
},
{
    "model": "auth.permission",
    "pk": 210,
    "fields": {
        "name": "Can change Order Discount",
        "content_type": 70,
        "codename": "change_orderdiscount"
    }
},
{
    "model": "auth.permission",
    "pk": 211,
    "fields": {
        "name": "Can delete Order Discount",
        "content_type": 70,
        "codename": "delete_orderdiscount"
    }
},
{
    "model": "auth.permission",
    "pk": 212,
    "fields": {
        "name": "Can add Shipping Event Quantity",
        "content_type": 71,
        "codename": "add_shippingeventquantity"
    }
},
{
    "model": "auth.permission",
    "pk": 213,
    "fields": {
        "name": "Can change Shipping Event Quantity",
        "content_type": 71,
        "codename": "change_shippingeventquantity"
    }
},
{
    "model": "auth.permission",
    "pk": 214,
    "fields": {
        "name": "Can delete Shipping Event Quantity",
        "content_type": 71,
        "codename": "delete_shippingeventquantity"
    }
},
{
    "model": "auth.permission",
    "pk": 215,
    "fields": {
        "name": "Can add Line Price",
        "content_type": 72,
        "codename": "add_lineprice"
    }
},
{
    "model": "auth.permission",
    "pk": 216,
    "fields": {
        "name": "Can change Line Price",
        "content_type": 72,
        "codename": "change_lineprice"
    }
},
{
    "model": "auth.permission",
    "pk": 217,
    "fields": {
        "name": "Can delete Line Price",
        "content_type": 72,
        "codename": "delete_lineprice"
    }
},
{
    "model": "auth.permission",
    "pk": 218,
    "fields": {
        "name": "Can add Payment Event",
        "content_type": 73,
        "codename": "add_paymentevent"
    }
},
{
    "model": "auth.permission",
    "pk": 219,
    "fields": {
        "name": "Can change Payment Event",
        "content_type": 73,
        "codename": "change_paymentevent"
    }
},
{
    "model": "auth.permission",
    "pk": 220,
    "fields": {
        "name": "Can delete Payment Event",
        "content_type": 73,
        "codename": "delete_paymentevent"
    }
},
{
    "model": "auth.permission",
    "pk": 221,
    "fields": {
        "name": "Can add Billing address",
        "content_type": 74,
        "codename": "add_billingaddress"
    }
},
{
    "model": "auth.permission",
    "pk": 222,
    "fields": {
        "name": "Can change Billing address",
        "content_type": 74,
        "codename": "change_billingaddress"
    }
},
{
    "model": "auth.permission",
    "pk": 223,
    "fields": {
        "name": "Can delete Billing address",
        "content_type": 74,
        "codename": "delete_billingaddress"
    }
},
{
    "model": "auth.permission",
    "pk": 224,
    "fields": {
        "name": "Can add Shipping Event Type",
        "content_type": 75,
        "codename": "add_shippingeventtype"
    }
},
{
    "model": "auth.permission",
    "pk": 225,
    "fields": {
        "name": "Can change Shipping Event Type",
        "content_type": 75,
        "codename": "change_shippingeventtype"
    }
},
{
    "model": "auth.permission",
    "pk": 226,
    "fields": {
        "name": "Can delete Shipping Event Type",
        "content_type": 75,
        "codename": "delete_shippingeventtype"
    }
},
{
    "model": "auth.permission",
    "pk": 227,
    "fields": {
        "name": "Can add Shipping Event",
        "content_type": 76,
        "codename": "add_shippingevent"
    }
},
{
    "model": "auth.permission",
    "pk": 228,
    "fields": {
        "name": "Can change Shipping Event",
        "content_type": 76,
        "codename": "change_shippingevent"
    }
},
{
    "model": "auth.permission",
    "pk": 229,
    "fields": {
        "name": "Can delete Shipping Event",
        "content_type": 76,
        "codename": "delete_shippingevent"
    }
},
{
    "model": "auth.permission",
    "pk": 230,
    "fields": {
        "name": "Can add Line Attribute",
        "content_type": 77,
        "codename": "add_lineattribute"
    }
},
{
    "model": "auth.permission",
    "pk": 231,
    "fields": {
        "name": "Can change Line Attribute",
        "content_type": 77,
        "codename": "change_lineattribute"
    }
},
{
    "model": "auth.permission",
    "pk": 232,
    "fields": {
        "name": "Can delete Line Attribute",
        "content_type": 77,
        "codename": "delete_lineattribute"
    }
},
{
    "model": "auth.permission",
    "pk": 233,
    "fields": {
        "name": "Can add Shipping address",
        "content_type": 78,
        "codename": "add_shippingaddress"
    }
},
{
    "model": "auth.permission",
    "pk": 234,
    "fields": {
        "name": "Can change Shipping address",
        "content_type": 78,
        "codename": "change_shippingaddress"
    }
},
{
    "model": "auth.permission",
    "pk": 235,
    "fields": {
        "name": "Can delete Shipping address",
        "content_type": 78,
        "codename": "delete_shippingaddress"
    }
},
{
    "model": "auth.permission",
    "pk": 236,
    "fields": {
        "name": "Can add Order Note",
        "content_type": 79,
        "codename": "add_ordernote"
    }
},
{
    "model": "auth.permission",
    "pk": 237,
    "fields": {
        "name": "Can change Order Note",
        "content_type": 79,
        "codename": "change_ordernote"
    }
},
{
    "model": "auth.permission",
    "pk": 238,
    "fields": {
        "name": "Can delete Order Note",
        "content_type": 79,
        "codename": "delete_ordernote"
    }
},
{
    "model": "auth.permission",
    "pk": 239,
    "fields": {
        "name": "Can add Payment Event Type",
        "content_type": 80,
        "codename": "add_paymenteventtype"
    }
},
{
    "model": "auth.permission",
    "pk": 240,
    "fields": {
        "name": "Can change Payment Event Type",
        "content_type": 80,
        "codename": "change_paymenteventtype"
    }
},
{
    "model": "auth.permission",
    "pk": 241,
    "fields": {
        "name": "Can delete Payment Event Type",
        "content_type": 80,
        "codename": "delete_paymenteventtype"
    }
},
{
    "model": "auth.permission",
    "pk": 242,
    "fields": {
        "name": "Can add Order",
        "content_type": 81,
        "codename": "add_order"
    }
},
{
    "model": "auth.permission",
    "pk": 243,
    "fields": {
        "name": "Can change Order",
        "content_type": 81,
        "codename": "change_order"
    }
},
{
    "model": "auth.permission",
    "pk": 244,
    "fields": {
        "name": "Can delete Order",
        "content_type": 81,
        "codename": "delete_order"
    }
},
{
    "model": "auth.permission",
    "pk": 245,
    "fields": {
        "name": "Can add Order Line",
        "content_type": 82,
        "codename": "add_line"
    }
},
{
    "model": "auth.permission",
    "pk": 246,
    "fields": {
        "name": "Can change Order Line",
        "content_type": 82,
        "codename": "change_line"
    }
},
{
    "model": "auth.permission",
    "pk": 247,
    "fields": {
        "name": "Can delete Order Line",
        "content_type": 82,
        "codename": "delete_line"
    }
},
{
    "model": "auth.permission",
    "pk": 248,
    "fields": {
        "name": "Can add Product alert",
        "content_type": 83,
        "codename": "add_productalert"
    }
},
{
    "model": "auth.permission",
    "pk": 249,
    "fields": {
        "name": "Can change Product alert",
        "content_type": 83,
        "codename": "change_productalert"
    }
},
{
    "model": "auth.permission",
    "pk": 250,
    "fields": {
        "name": "Can delete Product alert",
        "content_type": 83,
        "codename": "delete_productalert"
    }
},
{
    "model": "auth.permission",
    "pk": 251,
    "fields": {
        "name": "Can add Email",
        "content_type": 84,
        "codename": "add_email"
    }
},
{
    "model": "auth.permission",
    "pk": 252,
    "fields": {
        "name": "Can change Email",
        "content_type": 84,
        "codename": "change_email"
    }
},
{
    "model": "auth.permission",
    "pk": 253,
    "fields": {
        "name": "Can delete Email",
        "content_type": 84,
        "codename": "delete_email"
    }
},
{
    "model": "auth.permission",
    "pk": 254,
    "fields": {
        "name": "Can add Notification",
        "content_type": 85,
        "codename": "add_notification"
    }
},
{
    "model": "auth.permission",
    "pk": 255,
    "fields": {
        "name": "Can change Notification",
        "content_type": 85,
        "codename": "change_notification"
    }
},
{
    "model": "auth.permission",
    "pk": 256,
    "fields": {
        "name": "Can delete Notification",
        "content_type": 85,
        "codename": "delete_notification"
    }
},
{
    "model": "auth.permission",
    "pk": 257,
    "fields": {
        "name": "Can add Communication event type",
        "content_type": 86,
        "codename": "add_communicationeventtype"
    }
},
{
    "model": "auth.permission",
    "pk": 258,
    "fields": {
        "name": "Can change Communication event type",
        "content_type": 86,
        "codename": "change_communicationeventtype"
    }
},
{
    "model": "auth.permission",
    "pk": 259,
    "fields": {
        "name": "Can delete Communication event type",
        "content_type": 86,
        "codename": "delete_communicationeventtype"
    }
},
{
    "model": "auth.permission",
    "pk": 260,
    "fields": {
        "name": "Can add Single product",
        "content_type": 87,
        "codename": "add_singleproduct"
    }
},
{
    "model": "auth.permission",
    "pk": 261,
    "fields": {
        "name": "Can change Single product",
        "content_type": 87,
        "codename": "change_singleproduct"
    }
},
{
    "model": "auth.permission",
    "pk": 262,
    "fields": {
        "name": "Can delete Single product",
        "content_type": 87,
        "codename": "delete_singleproduct"
    }
},
{
    "model": "auth.permission",
    "pk": 263,
    "fields": {
        "name": "Can add Hand Picked Product List",
        "content_type": 88,
        "codename": "add_handpickedproductlist"
    }
},
{
    "model": "auth.permission",
    "pk": 264,
    "fields": {
        "name": "Can change Hand Picked Product List",
        "content_type": 88,
        "codename": "change_handpickedproductlist"
    }
},
{
    "model": "auth.permission",
    "pk": 265,
    "fields": {
        "name": "Can delete Hand Picked Product List",
        "content_type": 88,
        "codename": "delete_handpickedproductlist"
    }
},
{
    "model": "auth.permission",
    "pk": 266,
    "fields": {
        "name": "Can add Image",
        "content_type": 89,
        "codename": "add_image"
    }
},
{
    "model": "auth.permission",
    "pk": 267,
    "fields": {
        "name": "Can change Image",
        "content_type": 89,
        "codename": "change_image"
    }
},
{
    "model": "auth.permission",
    "pk": 268,
    "fields": {
        "name": "Can delete Image",
        "content_type": 89,
        "codename": "delete_image"
    }
},
{
    "model": "auth.permission",
    "pk": 269,
    "fields": {
        "name": "Can add Raw HTML",
        "content_type": 90,
        "codename": "add_rawhtml"
    }
},
{
    "model": "auth.permission",
    "pk": 270,
    "fields": {
        "name": "Can change Raw HTML",
        "content_type": 90,
        "codename": "change_rawhtml"
    }
},
{
    "model": "auth.permission",
    "pk": 271,
    "fields": {
        "name": "Can delete Raw HTML",
        "content_type": 90,
        "codename": "delete_rawhtml"
    }
},
{
    "model": "auth.permission",
    "pk": 272,
    "fields": {
        "name": "Can add Keyword Promotion",
        "content_type": 91,
        "codename": "add_keywordpromotion"
    }
},
{
    "model": "auth.permission",
    "pk": 273,
    "fields": {
        "name": "Can change Keyword Promotion",
        "content_type": 91,
        "codename": "change_keywordpromotion"
    }
},
{
    "model": "auth.permission",
    "pk": 274,
    "fields": {
        "name": "Can delete Keyword Promotion",
        "content_type": 91,
        "codename": "delete_keywordpromotion"
    }
},
{
    "model": "auth.permission",
    "pk": 275,
    "fields": {
        "name": "Can add Multi Image",
        "content_type": 92,
        "codename": "add_multiimage"
    }
},
{
    "model": "auth.permission",
    "pk": 276,
    "fields": {
        "name": "Can change Multi Image",
        "content_type": 92,
        "codename": "change_multiimage"
    }
},
{
    "model": "auth.permission",
    "pk": 277,
    "fields": {
        "name": "Can delete Multi Image",
        "content_type": 92,
        "codename": "delete_multiimage"
    }
},
{
    "model": "auth.permission",
    "pk": 278,
    "fields": {
        "name": "Can add Tabbed Block",
        "content_type": 93,
        "codename": "add_tabbedblock"
    }
},
{
    "model": "auth.permission",
    "pk": 279,
    "fields": {
        "name": "Can change Tabbed Block",
        "content_type": 93,
        "codename": "change_tabbedblock"
    }
},
{
    "model": "auth.permission",
    "pk": 280,
    "fields": {
        "name": "Can delete Tabbed Block",
        "content_type": 93,
        "codename": "delete_tabbedblock"
    }
},
{
    "model": "auth.permission",
    "pk": 281,
    "fields": {
        "name": "Can add Automatic product list",
        "content_type": 94,
        "codename": "add_automaticproductlist"
    }
},
{
    "model": "auth.permission",
    "pk": 282,
    "fields": {
        "name": "Can change Automatic product list",
        "content_type": 94,
        "codename": "change_automaticproductlist"
    }
},
{
    "model": "auth.permission",
    "pk": 283,
    "fields": {
        "name": "Can delete Automatic product list",
        "content_type": 94,
        "codename": "delete_automaticproductlist"
    }
},
{
    "model": "auth.permission",
    "pk": 284,
    "fields": {
        "name": "Can add Ordered Product List",
        "content_type": 95,
        "codename": "add_orderedproductlist"
    }
},
{
    "model": "auth.permission",
    "pk": 285,
    "fields": {
        "name": "Can change Ordered Product List",
        "content_type": 95,
        "codename": "change_orderedproductlist"
    }
},
{
    "model": "auth.permission",
    "pk": 286,
    "fields": {
        "name": "Can delete Ordered Product List",
        "content_type": 95,
        "codename": "delete_orderedproductlist"
    }
},
{
    "model": "auth.permission",
    "pk": 287,
    "fields": {
        "name": "Can add Ordered product",
        "content_type": 96,
        "codename": "add_orderedproduct"
    }
},
{
    "model": "auth.permission",
    "pk": 288,
    "fields": {
        "name": "Can change Ordered product",
        "content_type": 96,
        "codename": "change_orderedproduct"
    }
},
{
    "model": "auth.permission",
    "pk": 289,
    "fields": {
        "name": "Can delete Ordered product",
        "content_type": 96,
        "codename": "delete_orderedproduct"
    }
},
{
    "model": "auth.permission",
    "pk": 290,
    "fields": {
        "name": "Can add Page Promotion",
        "content_type": 97,
        "codename": "add_pagepromotion"
    }
},
{
    "model": "auth.permission",
    "pk": 291,
    "fields": {
        "name": "Can change Page Promotion",
        "content_type": 97,
        "codename": "change_pagepromotion"
    }
},
{
    "model": "auth.permission",
    "pk": 292,
    "fields": {
        "name": "Can delete Page Promotion",
        "content_type": 97,
        "codename": "delete_pagepromotion"
    }
},
{
    "model": "auth.permission",
    "pk": 293,
    "fields": {
        "name": "Can add Voucher Application",
        "content_type": 98,
        "codename": "add_voucherapplication"
    }
},
{
    "model": "auth.permission",
    "pk": 294,
    "fields": {
        "name": "Can change Voucher Application",
        "content_type": 98,
        "codename": "change_voucherapplication"
    }
},
{
    "model": "auth.permission",
    "pk": 295,
    "fields": {
        "name": "Can delete Voucher Application",
        "content_type": 98,
        "codename": "delete_voucherapplication"
    }
},
{
    "model": "auth.permission",
    "pk": 296,
    "fields": {
        "name": "Can add Voucher",
        "content_type": 99,
        "codename": "add_voucher"
    }
},
{
    "model": "auth.permission",
    "pk": 297,
    "fields": {
        "name": "Can change Voucher",
        "content_type": 99,
        "codename": "change_voucher"
    }
},
{
    "model": "auth.permission",
    "pk": 298,
    "fields": {
        "name": "Can delete Voucher",
        "content_type": 99,
        "codename": "delete_voucher"
    }
},
{
    "model": "auth.permission",
    "pk": 299,
    "fields": {
        "name": "Can add Wish List",
        "content_type": 100,
        "codename": "add_wishlist"
    }
},
{
    "model": "auth.permission",
    "pk": 300,
    "fields": {
        "name": "Can change Wish List",
        "content_type": 100,
        "codename": "change_wishlist"
    }
},
{
    "model": "auth.permission",
    "pk": 301,
    "fields": {
        "name": "Can delete Wish List",
        "content_type": 100,
        "codename": "delete_wishlist"
    }
},
{
    "model": "auth.permission",
    "pk": 302,
    "fields": {
        "name": "Can add Wish list line",
        "content_type": 101,
        "codename": "add_line"
    }
},
{
    "model": "auth.permission",
    "pk": 303,
    "fields": {
        "name": "Can change Wish list line",
        "content_type": 101,
        "codename": "change_line"
    }
},
{
    "model": "auth.permission",
    "pk": 304,
    "fields": {
        "name": "Can delete Wish list line",
        "content_type": 101,
        "codename": "delete_line"
    }
},
{
    "model": "auth.permission",
    "pk": 305,
    "fields": {
        "name": "Can add kv store",
        "content_type": 102,
        "codename": "add_kvstore"
    }
},
{
    "model": "auth.permission",
    "pk": 306,
    "fields": {
        "name": "Can change kv store",
        "content_type": 102,
        "codename": "change_kvstore"
    }
},
{
    "model": "auth.permission",
    "pk": 307,
    "fields": {
        "name": "Can delete kv store",
        "content_type": 102,
        "codename": "delete_kvstore"
    }
},
{
    "model": "sessions.session",
    "pk": "eemf7vnnfm3353b88eb2di7j2ga6qfah",
    "fields": {
        "session_data": "OGE1NjY0NWMxNzgxYWY0ODBkYjQ3YTZkNTY2Y2QyM2FiNmIyZWVhMzp7Il9hdXRoX3VzZXJfaGFzaCI6IjJmZDdmMTQ2N2E0YTlmMDc1NGM1NmFiYTIwOWI5MjI4YzExOTBiYzAiLCJfYXV0aF91c2VyX2JhY2tlbmQiOiJvc2Nhci5hcHBzLmN1c3RvbWVyLmF1dGhfYmFja2VuZHMuRW1haWxCYWNrZW5kIiwiX2F1dGhfdXNlcl9pZCI6IjEifQ==",
        "expire_date": "2017-12-12T13:56:54.558Z"
    }
},
{
    "model": "sessions.session",
    "pk": "m2du2eu8gtdj9xa5llvjrgntc2e75fxy",
    "fields": {
        "session_data": "YzliMjRiYjY2Yjc1YzA4NDJjYjdmNTQ2YjE0NTA1OTAzMmY2ZjNlYTp7Il9hdXRoX3VzZXJfaWQiOiIxIiwiX2F1dGhfdXNlcl9iYWNrZW5kIjoib3NjYXIuYXBwcy5jdXN0b21lci5hdXRoX2JhY2tlbmRzLkVtYWlsQmFja2VuZCIsIl9hdXRoX3VzZXJfaGFzaCI6IjJmZDdmMTQ2N2E0YTlmMDc1NGM1NmFiYTIwOWI5MjI4YzExOTBiYzAifQ==",
        "expire_date": "2017-12-25T18:07:21.551Z"
    }
},
{
    "model": "sites.site",
    "pk": 1,
    "fields": {
        "domain": "example.com",
        "name": "example.com"
    }
},
{
    "model": "users.user",
    "pk": 1,
    "fields": {
        "password": "pbkdf2_sha256$36000$2nFcNsKi76bY$ofXaJO3kY1jxeskdyxr3UapWc2w/qUl7WkFwH0+jw3w=",
        "last_login": "2017-12-11T18:07:21.481Z",
        "is_superuser": true,
        "email": "dleones@ubicutus.com",
        "first_name": "",
        "last_name": "",
        "is_staff": true,
        "is_active": true,
        "date_joined": "2017-11-28T13:56:51.117Z",
        "groups": [],
        "user_permissions": []
    }
},
{
    "model": "analytics.productrecord",
    "pk": 1,
    "fields": {
        "product": 1,
        "num_views": 4,
        "num_basket_additions": 0,
        "num_purchases": 0,
        "score": 0.0
    }
},
{
    "model": "analytics.userrecord",
    "pk": 1,
    "fields": {
        "user": 1,
        "num_product_views": 4,
        "num_basket_additions": 0,
        "num_orders": 0,
        "num_order_lines": 0,
        "num_order_items": 0,
        "total_spent": "0.00",
        "date_last_order": null
    }
},
{
    "model": "analytics.userproductview",
    "pk": 1,
    "fields": {
        "user": 1,
        "product": 1,
        "date_created": "2017-12-07T13:38:54.131Z"
    }
},
{
    "model": "analytics.userproductview",
    "pk": 2,
    "fields": {
        "user": 1,
        "product": 1,
        "date_created": "2017-12-07T13:42:49.166Z"
    }
},
{
    "model": "analytics.userproductview",
    "pk": 3,
    "fields": {
        "user": 1,
        "product": 1,
        "date_created": "2017-12-07T13:43:12.278Z"
    }
},
{
    "model": "analytics.userproductview",
    "pk": 4,
    "fields": {
        "user": 1,
        "product": 1,
        "date_created": "2017-12-07T13:48:14.006Z"
    }
},
{
    "model": "catalogue.productclass",
    "pk": 1,
    "fields": {
        "name": "jsdjaj",
        "slug": "jsdjaj",
        "requires_shipping": true,
        "track_stock": true,
        "options": []
    }
},
{
    "model": "catalogue.productclass",
    "pk": 2,
    "fields": {
        "name": "Subcomponent",
        "slug": "subcomponent",
        "requires_shipping": true,
        "track_stock": true,
        "options": []
    }
},
{
    "model": "catalogue.category",
    "pk": 1,
    "fields": {
        "path": "0001",
        "depth": 1,
        "numchild": 1,
        "name": "Johnson Evinrude Outboard(1955 - present)",
        "description": "",
        "image": "",
        "slug": "johnson-evinrude-outboard1955-present"
    }
},
{
    "model": "catalogue.category",
    "pk": 2,
    "fields": {
        "path": "00010001",
        "depth": 2,
        "numchild": 1,
        "name": "2011",
        "description": "",
        "image": "",
        "slug": "2011"
    }
},
{
    "model": "catalogue.category",
    "pk": 3,
    "fields": {
        "path": "000100010001",
        "depth": 3,
        "numchild": 1,
        "name": "300 hp",
        "description": "",
        "image": "",
        "slug": "300-hp"
    }
},
{
    "model": "catalogue.category",
    "pk": 4,
    "fields": {
        "path": "0001000100010001",
        "depth": 4,
        "numchild": 2,
        "name": "Model DE300CXIIC",
        "description": "",
        "image": "",
        "slug": "model-de300cxiic"
    }
},
{
    "model": "catalogue.category",
    "pk": 5,
    "fields": {
        "path": "00010001000100010001",
        "depth": 5,
        "numchild": 0,
        "name": "Air Silencer",
        "description": "",
        "image": "",
        "slug": "air-silencer"
    }
},
{
    "model": "catalogue.category",
    "pk": 6,
    "fields": {
        "path": "00010001000100010002",
        "depth": 5,
        "numchild": 0,
        "name": "Cooling Hoses",
        "description": "",
        "image": "",
        "slug": "cooling-hoses"
    }
},
{
    "model": "catalogue.category",
    "pk": 7,
    "fields": {
        "path": "0002",
        "depth": 1,
        "numchild": 1,
        "name": "Mercury Outboard (1960-present)",
        "description": "",
        "image": "",
        "slug": "mercury-outboard-1960-present"
    }
},
{
    "model": "catalogue.category",
    "pk": 8,
    "fields": {
        "path": "00020001",
        "depth": 2,
        "numchild": 1,
        "name": "2 HP (Export)",
        "description": "",
        "image": "",
        "slug": "2-hp-export"
    }
},
{
    "model": "catalogue.category",
    "pk": 9,
    "fields": {
        "path": "000200010001",
        "depth": 3,
        "numchild": 1,
        "name": "0G413201 & Up",
        "description": "",
        "image": "",
        "slug": "0g413201-up"
    }
},
{
    "model": "catalogue.category",
    "pk": 10,
    "fields": {
        "path": "0002000100010001",
        "depth": 4,
        "numchild": 0,
        "name": "Cowling / Recoil Starter",
        "description": "",
        "image": "",
        "slug": "cowling-recoil-starter"
    }
},
{
    "model": "catalogue.category",
    "pk": 11,
    "fields": {
        "path": "0003",
        "depth": 1,
        "numchild": 1,
        "name": "All Engine & Drive Models",
        "description": "",
        "image": "",
        "slug": "all-engine-drive-models"
    }
},
{
    "model": "catalogue.category",
    "pk": 12,
    "fields": {
        "path": "00030001",
        "depth": 2,
        "numchild": 1,
        "name": "60 Renault   68 I / L4 1965-1968",
        "description": "",
        "image": "",
        "slug": "60-renault-68-i-l4-1965-1968"
    }
},
{
    "model": "catalogue.category",
    "pk": 13,
    "fields": {
        "path": "000300010001",
        "depth": 3,
        "numchild": 1,
        "name": "1887079 - 2049044",
        "description": "",
        "image": "",
        "slug": "1887079-2049044"
    }
},
{
    "model": "catalogue.category",
    "pk": 14,
    "fields": {
        "path": "0003000100010001",
        "depth": 4,
        "numchild": 0,
        "name": "Accessories",
        "description": "",
        "image": "",
        "slug": "accessories"
    }
},
{
    "model": "catalogue.productcategory",
    "pk": 1,
    "fields": {
        "product": 1,
        "category": 6
    }
},
{
    "model": "catalogue.productcategory",
    "pk": 2,
    "fields": {
        "product": 2,
        "category": 10
    }
},
{
    "model": "catalogue.productcategory",
    "pk": 3,
    "fields": {
        "product": 3,
        "category": 10
    }
},
{
    "model": "catalogue.productcategory",
    "pk": 4,
    "fields": {
        "product": 4,
        "category": 10
    }
},
{
    "model": "catalogue.productcategory",
    "pk": 5,
    "fields": {
        "product": 5,
        "category": 10
    }
},
{
    "model": "catalogue.productcategory",
    "pk": 6,
    "fields": {
        "product": 6,
        "category": 10
    }
},
{
    "model": "catalogue.productcategory",
    "pk": 7,
    "fields": {
        "product": 7,
        "category": 10
    }
},
{
    "model": "catalogue.productcategory",
    "pk": 8,
    "fields": {
        "product": 8,
        "category": 10
    }
},
{
    "model": "catalogue.productcategory",
    "pk": 9,
    "fields": {
        "product": 9,
        "category": 10
    }
},
{
    "model": "catalogue.productcategory",
    "pk": 10,
    "fields": {
        "product": 10,
        "category": 10
    }
},
{
    "model": "catalogue.productcategory",
    "pk": 11,
    "fields": {
        "product": 11,
        "category": 10
    }
},
{
    "model": "catalogue.productcategory",
    "pk": 12,
    "fields": {
        "product": 12,
        "category": 10
    }
},
{
    "model": "catalogue.productcategory",
    "pk": 13,
    "fields": {
        "product": 13,
        "category": 10
    }
},
{
    "model": "catalogue.productcategory",
    "pk": 14,
    "fields": {
        "product": 14,
        "category": 10
    }
},
{
    "model": "catalogue.productcategory",
    "pk": 15,
    "fields": {
        "product": 15,
        "category": 10
    }
},
{
    "model": "catalogue.productcategory",
    "pk": 16,
    "fields": {
        "product": 16,
        "category": 10
    }
},
{
    "model": "catalogue.productcategory",
    "pk": 17,
    "fields": {
        "product": 17,
        "category": 14
    }
},
{
    "model": "catalogue.productcategory",
    "pk": 18,
    "fields": {
        "product": 18,
        "category": 14
    }
},
{
    "model": "catalogue.productcategory",
    "pk": 19,
    "fields": {
        "product": 19,
        "category": 14
    }
},
{
    "model": "catalogue.productcategory",
    "pk": 20,
    "fields": {
        "product": 20,
        "category": 14
    }
},
{
    "model": "catalogue.productcategory",
    "pk": 21,
    "fields": {
        "product": 21,
        "category": 14
    }
},
{
    "model": "catalogue.productcategory",
    "pk": 22,
    "fields": {
        "product": 22,
        "category": 14
    }
},
{
    "model": "catalogue.productcategory",
    "pk": 23,
    "fields": {
        "product": 23,
        "category": 14
    }
},
{
    "model": "catalogue.productcategory",
    "pk": 24,
    "fields": {
        "product": 24,
        "category": 14
    }
},
{
    "model": "catalogue.productcategory",
    "pk": 25,
    "fields": {
        "product": 25,
        "category": 14
    }
},
{
    "model": "catalogue.productcategory",
    "pk": 26,
    "fields": {
        "product": 26,
        "category": 14
    }
},
{
    "model": "catalogue.productcategory",
    "pk": 27,
    "fields": {
        "product": 27,
        "category": 14
    }
},
{
    "model": "catalogue.productcategory",
    "pk": 28,
    "fields": {
        "product": 28,
        "category": 14
    }
},
{
    "model": "catalogue.productcategory",
    "pk": 29,
    "fields": {
        "product": 29,
        "category": 14
    }
},
{
    "model": "catalogue.productcategory",
    "pk": 30,
    "fields": {
        "product": 30,
        "category": 14
    }
},
{
    "model": "catalogue.productcategory",
    "pk": 31,
    "fields": {
        "product": 31,
        "category": 14
    }
},
{
    "model": "catalogue.productcategory",
    "pk": 32,
    "fields": {
        "product": 32,
        "category": 14
    }
},
{
    "model": "catalogue.product",
    "pk": 1,
    "fields": {
        "structure": "standalone",
        "upc": "zcxzx",
        "parent": null,
        "title": "Mi producto",
        "slug": "mi-producto",
        "description": "<p>zxczxczxc</p>",
        "product_class": 1,
        "rating": null,
        "date_created": "2017-12-07T13:37:52.522Z",
        "date_updated": "2017-12-07T13:42:34.046Z",
        "is_discountable": true,
        "product_options": []
    }
},
{
    "model": "catalogue.product",
    "pk": 2,
    "fields": {
        "structure": "standalone",
        "upc": "",
        "parent": null,
        "title": "2189-832500A 1 - TOP COWL ASSEMBLY O",
        "slug": "2189-832500a-1-top-cowl-assembly-o",
        "description": "",
        "product_class": 2,
        "rating": null,
        "date_created": "2017-12-11T19:37:55.139Z",
        "date_updated": "2017-12-11T19:37:55.305Z",
        "is_discountable": true,
        "product_options": []
    }
},
{
    "model": "catalogue.product",
    "pk": 3,
    "fields": {
        "structure": "standalone",
        "upc": "",
        "parent": null,
        "title": "2189-832500A 2 - TOP COWL ASSEMBLY O",
        "slug": "2189-832500a-2-top-cowl-assembly-o",
        "description": "",
        "product_class": 2,
        "rating": null,
        "date_created": "2017-12-11T19:37:55.333Z",
        "date_updated": "2017-12-11T19:37:55.505Z",
        "is_discountable": true,
        "product_options": []
    }
},
{
    "model": "catalogue.product",
    "pk": 4,
    "fields": {
        "structure": "standalone",
        "upc": "",
        "parent": null,
        "title": "2189-832498A 1 - TOP COWL ASSEMBLY O",
        "slug": "2189-832498a-1-top-cowl-assembly-o",
        "description": "",
        "product_class": 2,
        "rating": null,
        "date_created": "2017-12-11T19:37:55.519Z",
        "date_updated": "2017-12-11T19:37:55.617Z",
        "is_discountable": true,
        "product_options": []
    }
},
{
    "model": "catalogue.product",
    "pk": 5,
    "fields": {
        "structure": "standalone",
        "upc": "",
        "parent": null,
        "title": "2189-832498A 2 - TOP COWL ASSEMBLY O",
        "slug": "2189-832498a-2-top-cowl-assembly-o",
        "description": "",
        "product_class": 2,
        "rating": null,
        "date_created": "2017-12-11T19:37:55.630Z",
        "date_updated": "2017-12-11T19:37:55.728Z",
        "is_discountable": true,
        "product_options": []
    }
},
{
    "model": "catalogue.product",
    "pk": 6,
    "fields": {
        "structure": "standalone",
        "upc": "",
        "parent": null,
        "title": "25-832499 - PLATE Rubber O NLA",
        "slug": "25-832499-plate-rubber-o-nla",
        "description": "",
        "product_class": 2,
        "rating": null,
        "date_created": "2017-12-11T19:37:55.742Z",
        "date_updated": "2017-12-11T19:37:55.840Z",
        "is_discountable": true,
        "product_options": []
    }
},
{
    "model": "catalogue.product",
    "pk": 7,
    "fields": {
        "structure": "standalone",
        "upc": "",
        "parent": null,
        "title": "11-832501 - NUT O NLA",
        "slug": "11-832501-nut-o-nla",
        "description": "",
        "product_class": 2,
        "rating": null,
        "date_created": "2017-12-11T19:37:55.854Z",
        "date_updated": "2017-12-11T19:37:55.951Z",
        "is_discountable": true,
        "product_options": []
    }
},
{
    "model": "catalogue.product",
    "pk": 8,
    "fields": {
        "structure": "standalone",
        "upc": "",
        "parent": null,
        "title": "832502A 1 - DOOR O",
        "slug": "832502a-1-door-o",
        "description": "",
        "product_class": 2,
        "rating": null,
        "date_created": "2017-12-11T19:37:55.964Z",
        "date_updated": "2017-12-11T19:37:56.062Z",
        "is_discountable": true,
        "product_options": []
    }
},
{
    "model": "catalogue.product",
    "pk": 9,
    "fields": {
        "structure": "standalone",
        "upc": "",
        "parent": null,
        "title": "832502A 2 - DOOR O",
        "slug": "832502a-2-door-o",
        "description": "",
        "product_class": 2,
        "rating": null,
        "date_created": "2017-12-11T19:37:56.075Z",
        "date_updated": "2017-12-11T19:37:56.173Z",
        "is_discountable": true,
        "product_options": []
    }
},
{
    "model": "catalogue.product",
    "pk": 10,
    "fields": {
        "structure": "standalone",
        "upc": "",
        "parent": null,
        "title": "10-832362 - SCREW O NLA",
        "slug": "10-832362-screw-o-nla",
        "description": "",
        "product_class": 2,
        "rating": null,
        "date_created": "2017-12-11T19:37:56.186Z",
        "date_updated": "2017-12-11T19:37:56.284Z",
        "is_discountable": true,
        "product_options": []
    }
},
{
    "model": "catalogue.product",
    "pk": 11,
    "fields": {
        "structure": "standalone",
        "upc": "",
        "parent": null,
        "title": "10-832370 - BOLT O NLA",
        "slug": "10-832370-bolt-o-nla",
        "description": "",
        "product_class": 2,
        "rating": null,
        "date_created": "2017-12-11T19:37:56.298Z",
        "date_updated": "2017-12-11T19:37:56.394Z",
        "is_discountable": true,
        "product_options": []
    }
},
{
    "model": "catalogue.product",
    "pk": 12,
    "fields": {
        "structure": "standalone",
        "upc": "",
        "parent": null,
        "title": "10-832371 - BOLT O NLA",
        "slug": "10-832371-bolt-o-nla",
        "description": "",
        "product_class": 2,
        "rating": null,
        "date_created": "2017-12-11T19:37:56.408Z",
        "date_updated": "2017-12-11T19:37:56.505Z",
        "is_discountable": true,
        "product_options": []
    }
},
{
    "model": "catalogue.product",
    "pk": 13,
    "fields": {
        "structure": "standalone",
        "upc": "",
        "parent": null,
        "title": "10-832392 - SCREW Self Tappin O NLA",
        "slug": "10-832392-screw-self-tappin-o-nla",
        "description": "",
        "product_class": 2,
        "rating": null,
        "date_created": "2017-12-11T19:37:56.518Z",
        "date_updated": "2017-12-11T19:37:57.084Z",
        "is_discountable": true,
        "product_options": []
    }
},
{
    "model": "catalogue.product",
    "pk": 14,
    "fields": {
        "structure": "standalone",
        "upc": "",
        "parent": null,
        "title": "832483 - STARTER ASSEMBLY O",
        "slug": "832483-starter-assembly-o",
        "description": "",
        "product_class": 2,
        "rating": null,
        "date_created": "2017-12-11T19:37:57.098Z",
        "date_updated": "2017-12-11T19:37:57.196Z",
        "is_discountable": true,
        "product_options": []
    }
},
{
    "model": "catalogue.product",
    "pk": 15,
    "fields": {
        "structure": "standalone",
        "upc": "",
        "parent": null,
        "title": "50-832486 - ROPE O NLA",
        "slug": "50-832486-rope-o-nla",
        "description": "",
        "product_class": 2,
        "rating": null,
        "date_created": "2017-12-11T19:37:57.210Z",
        "date_updated": "2017-12-11T19:37:57.307Z",
        "is_discountable": true,
        "product_options": []
    }
},
{
    "model": "catalogue.product",
    "pk": 16,
    "fields": {
        "structure": "standalone",
        "upc": "",
        "parent": null,
        "title": "832487 - HANDLE O NLA",
        "slug": "832487-handle-o-nla",
        "description": "",
        "product_class": 2,
        "rating": null,
        "date_created": "2017-12-11T19:37:57.321Z",
        "date_updated": "2017-12-11T19:37:57.418Z",
        "is_discountable": true,
        "product_options": []
    }
},
{
    "model": "catalogue.product",
    "pk": 17,
    "fields": {
        "structure": "standalone",
        "upc": "",
        "parent": null,
        "title": "29071A 1 - WHEEL ASSY O NLA",
        "slug": "29071a-1-wheel-assy-o-nla",
        "description": "",
        "product_class": 2,
        "rating": null,
        "date_created": "2017-12-11T19:40:29.611Z",
        "date_updated": "2017-12-11T19:40:29.833Z",
        "is_discountable": true,
        "product_options": []
    }
},
{
    "model": "catalogue.product",
    "pk": 18,
    "fields": {
        "structure": "standalone",
        "upc": "",
        "parent": null,
        "title": "29401A 1 - WHEEL ASSY O NLA",
        "slug": "29401a-1-wheel-assy-o-nla",
        "description": "",
        "product_class": 2,
        "rating": null,
        "date_created": "2017-12-11T19:40:29.846Z",
        "date_updated": "2017-12-11T19:40:29.944Z",
        "is_discountable": true,
        "product_options": []
    }
},
{
    "model": "catalogue.product",
    "pk": 19,
    "fields": {
        "structure": "standalone",
        "upc": "",
        "parent": null,
        "title": "32402A 1 - WHEEL ASSY O NLA",
        "slug": "32402a-1-wheel-assy-o-nla",
        "description": "",
        "product_class": 2,
        "rating": null,
        "date_created": "2017-12-11T19:40:29.957Z",
        "date_updated": "2017-12-11T19:40:30.055Z",
        "is_discountable": true,
        "product_options": []
    }
},
{
    "model": "catalogue.product",
    "pk": 20,
    "fields": {
        "structure": "standalone",
        "upc": "",
        "parent": null,
        "title": "32401A 1 - WHEEL ASSY O NLA",
        "slug": "32401a-1-wheel-assy-o-nla",
        "description": "",
        "product_class": 2,
        "rating": null,
        "date_created": "2017-12-11T19:40:30.068Z",
        "date_updated": "2017-12-11T19:40:30.166Z",
        "is_discountable": true,
        "product_options": []
    }
},
{
    "model": "catalogue.product",
    "pk": 21,
    "fields": {
        "structure": "standalone",
        "upc": "",
        "parent": null,
        "title": "34659A 2 - 34659A 2 - WHEEL ASSY O",
        "slug": "34659a-2-34659a-2-wheel-assy-o",
        "description": "",
        "product_class": 2,
        "rating": null,
        "date_created": "2017-12-11T19:40:30.179Z",
        "date_updated": "2017-12-11T19:40:30.277Z",
        "is_discountable": true,
        "product_options": []
    }
},
{
    "model": "catalogue.product",
    "pk": 22,
    "fields": {
        "structure": "standalone",
        "upc": "",
        "parent": null,
        "title": "34659A 4 - WHEEL ASSY O NLA",
        "slug": "34659a-4-wheel-assy-o-nla",
        "description": "",
        "product_class": 2,
        "rating": null,
        "date_created": "2017-12-11T19:40:30.290Z",
        "date_updated": "2017-12-11T19:40:30.388Z",
        "is_discountable": true,
        "product_options": []
    }
},
{
    "model": "catalogue.product",
    "pk": 23,
    "fields": {
        "structure": "standalone",
        "upc": "",
        "parent": null,
        "title": "32399A 1 - 32399A 1 - MOUNT ASSY O",
        "slug": "32399a-1-32399a-1-mount-assy-o",
        "description": "",
        "product_class": 2,
        "rating": null,
        "date_created": "2017-12-11T19:40:30.401Z",
        "date_updated": "2017-12-11T19:40:30.499Z",
        "is_discountable": true,
        "product_options": []
    }
},
{
    "model": "catalogue.product",
    "pk": 24,
    "fields": {
        "structure": "standalone",
        "upc": "",
        "parent": null,
        "title": "49003A 1 - Mount Assembly",
        "slug": "49003a-1-mount-assembly",
        "description": "",
        "product_class": 2,
        "rating": null,
        "date_created": "2017-12-11T19:40:30.512Z",
        "date_updated": "2017-12-11T19:40:30.610Z",
        "is_discountable": true,
        "product_options": []
    }
},
{
    "model": "catalogue.product",
    "pk": 25,
    "fields": {
        "structure": "standalone",
        "upc": "",
        "parent": null,
        "title": "49003A 2 - Rg Mount Assembly",
        "slug": "49003a-2-rg-mount-assembly",
        "description": "",
        "product_class": 2,
        "rating": null,
        "date_created": "2017-12-11T19:40:30.623Z",
        "date_updated": "2017-12-11T19:40:30.721Z",
        "is_discountable": true,
        "product_options": []
    }
},
{
    "model": "catalogue.product",
    "pk": 26,
    "fields": {
        "structure": "standalone",
        "upc": "",
        "parent": null,
        "title": "49003A 5 - Mount Assembly",
        "slug": "49003a-5-mount-assembly",
        "description": "",
        "product_class": 2,
        "rating": null,
        "date_created": "2017-12-11T19:40:30.734Z",
        "date_updated": "2017-12-11T19:40:30.832Z",
        "is_discountable": true,
        "product_options": []
    }
},
{
    "model": "catalogue.product",
    "pk": 27,
    "fields": {
        "structure": "standalone",
        "upc": "",
        "parent": null,
        "title": "32400A 1 - 32400A 1 - MOUNT ASSY O",
        "slug": "32400a-1-32400a-1-mount-assy-o",
        "description": "",
        "product_class": 2,
        "rating": null,
        "date_created": "2017-12-11T19:40:30.845Z",
        "date_updated": "2017-12-11T19:40:30.943Z",
        "is_discountable": true,
        "product_options": []
    }
},
{
    "model": "catalogue.product",
    "pk": 28,
    "fields": {
        "structure": "standalone",
        "upc": "",
        "parent": null,
        "title": "49004A 1 - Mount Assembly",
        "slug": "49004a-1-mount-assembly",
        "description": "",
        "product_class": 2,
        "rating": null,
        "date_created": "2017-12-11T19:40:30.957Z",
        "date_updated": "2017-12-11T19:40:31.055Z",
        "is_discountable": true,
        "product_options": []
    }
},
{
    "model": "catalogue.product",
    "pk": 29,
    "fields": {
        "structure": "standalone",
        "upc": "",
        "parent": null,
        "title": "49004A 2 - Rg Mount Assembly",
        "slug": "49004a-2-rg-mount-assembly",
        "description": "",
        "product_class": 2,
        "rating": null,
        "date_created": "2017-12-11T19:40:31.068Z",
        "date_updated": "2017-12-11T19:40:31.166Z",
        "is_discountable": true,
        "product_options": []
    }
},
{
    "model": "catalogue.product",
    "pk": 30,
    "fields": {
        "structure": "standalone",
        "upc": "",
        "parent": null,
        "title": "49004A 5 - MOUNT ASSY O NLA",
        "slug": "49004a-5-mount-assy-o-nla",
        "description": "",
        "product_class": 2,
        "rating": null,
        "date_created": "2017-12-11T19:40:31.180Z",
        "date_updated": "2017-12-11T19:40:31.278Z",
        "is_discountable": true,
        "product_options": []
    }
},
{
    "model": "catalogue.product",
    "pk": 31,
    "fields": {
        "structure": "standalone",
        "upc": "",
        "parent": null,
        "title": "34667A 1 - 34667A 1 - MOUNT ASSY O",
        "slug": "34667a-1-34667a-1-mount-assy-o",
        "description": "",
        "product_class": 2,
        "rating": null,
        "date_created": "2017-12-11T19:40:31.291Z",
        "date_updated": "2017-12-11T19:40:31.423Z",
        "is_discountable": true,
        "product_options": []
    }
},
{
    "model": "catalogue.product",
    "pk": 32,
    "fields": {
        "structure": "standalone",
        "upc": "",
        "parent": null,
        "title": "34667A 3 - 34667A 3 - RG MOUNT ASSY O",
        "slug": "34667a-3-34667a-3-rg-mount-assy-o",
        "description": "",
        "product_class": 2,
        "rating": null,
        "date_created": "2017-12-11T19:40:31.436Z",
        "date_updated": "2017-12-11T19:40:31.534Z",
        "is_discountable": true,
        "product_options": []
    }
},
{
    "model": "catalogue.productattribute",
    "pk": 1,
    "fields": {
        "product_class": 2,
        "name": "Manufacturer",
        "code": "M",
        "type": "text",
        "option_group": null,
        "required": true
    }
},
{
    "model": "catalogue.productattribute",
    "pk": 2,
    "fields": {
        "product_class": 2,
        "name": "Part number",
        "code": "PN",
        "type": "text",
        "option_group": null,
        "required": true
    }
},
{
    "model": "catalogue.productattribute",
    "pk": 3,
    "fields": {
        "product_class": 2,
        "name": "Diagram number",
        "code": "DN",
        "type": "text",
        "option_group": null,
        "required": true
    }
},
{
    "model": "catalogue.productattributevalue",
    "pk": 1,
    "fields": {
        "attribute": 2,
        "product": 2,
        "value_text": "2189-832500A 1",
        "value_integer": null,
        "value_boolean": null,
        "value_float": null,
        "value_richtext": null,
        "value_date": null,
        "value_datetime": null,
        "value_option": null,
        "value_file": "",
        "value_image": "",
        "entity_content_type": null,
        "entity_object_id": null,
        "value_multi_option": []
    }
},
{
    "model": "catalogue.productattributevalue",
    "pk": 2,
    "fields": {
        "attribute": 1,
        "product": 2,
        "value_text": "Mercury Quicksilver",
        "value_integer": null,
        "value_boolean": null,
        "value_float": null,
        "value_richtext": null,
        "value_date": null,
        "value_datetime": null,
        "value_option": null,
        "value_file": "",
        "value_image": "",
        "entity_content_type": null,
        "entity_object_id": null,
        "value_multi_option": []
    }
},
{
    "model": "catalogue.productattributevalue",
    "pk": 3,
    "fields": {
        "attribute": 3,
        "product": 2,
        "value_text": "#1",
        "value_integer": null,
        "value_boolean": null,
        "value_float": null,
        "value_richtext": null,
        "value_date": null,
        "value_datetime": null,
        "value_option": null,
        "value_file": "",
        "value_image": "",
        "entity_content_type": null,
        "entity_object_id": null,
        "value_multi_option": []
    }
},
{
    "model": "catalogue.productattributevalue",
    "pk": 4,
    "fields": {
        "attribute": 2,
        "product": 3,
        "value_text": "2189-832500A 2",
        "value_integer": null,
        "value_boolean": null,
        "value_float": null,
        "value_richtext": null,
        "value_date": null,
        "value_datetime": null,
        "value_option": null,
        "value_file": "",
        "value_image": "",
        "entity_content_type": null,
        "entity_object_id": null,
        "value_multi_option": []
    }
},
{
    "model": "catalogue.productattributevalue",
    "pk": 5,
    "fields": {
        "attribute": 1,
        "product": 3,
        "value_text": "Mercury Quicksilver",
        "value_integer": null,
        "value_boolean": null,
        "value_float": null,
        "value_richtext": null,
        "value_date": null,
        "value_datetime": null,
        "value_option": null,
        "value_file": "",
        "value_image": "",
        "entity_content_type": null,
        "entity_object_id": null,
        "value_multi_option": []
    }
},
{
    "model": "catalogue.productattributevalue",
    "pk": 6,
    "fields": {
        "attribute": 3,
        "product": 3,
        "value_text": "#1",
        "value_integer": null,
        "value_boolean": null,
        "value_float": null,
        "value_richtext": null,
        "value_date": null,
        "value_datetime": null,
        "value_option": null,
        "value_file": "",
        "value_image": "",
        "entity_content_type": null,
        "entity_object_id": null,
        "value_multi_option": []
    }
},
{
    "model": "catalogue.productattributevalue",
    "pk": 7,
    "fields": {
        "attribute": 2,
        "product": 4,
        "value_text": "2189-832498A 1",
        "value_integer": null,
        "value_boolean": null,
        "value_float": null,
        "value_richtext": null,
        "value_date": null,
        "value_datetime": null,
        "value_option": null,
        "value_file": "",
        "value_image": "",
        "entity_content_type": null,
        "entity_object_id": null,
        "value_multi_option": []
    }
},
{
    "model": "catalogue.productattributevalue",
    "pk": 8,
    "fields": {
        "attribute": 1,
        "product": 4,
        "value_text": "Mercury Quicksilver",
        "value_integer": null,
        "value_boolean": null,
        "value_float": null,
        "value_richtext": null,
        "value_date": null,
        "value_datetime": null,
        "value_option": null,
        "value_file": "",
        "value_image": "",
        "entity_content_type": null,
        "entity_object_id": null,
        "value_multi_option": []
    }
},
{
    "model": "catalogue.productattributevalue",
    "pk": 9,
    "fields": {
        "attribute": 3,
        "product": 4,
        "value_text": "#2",
        "value_integer": null,
        "value_boolean": null,
        "value_float": null,
        "value_richtext": null,
        "value_date": null,
        "value_datetime": null,
        "value_option": null,
        "value_file": "",
        "value_image": "",
        "entity_content_type": null,
        "entity_object_id": null,
        "value_multi_option": []
    }
},
{
    "model": "catalogue.productattributevalue",
    "pk": 10,
    "fields": {
        "attribute": 2,
        "product": 5,
        "value_text": "2189-832498A 2",
        "value_integer": null,
        "value_boolean": null,
        "value_float": null,
        "value_richtext": null,
        "value_date": null,
        "value_datetime": null,
        "value_option": null,
        "value_file": "",
        "value_image": "",
        "entity_content_type": null,
        "entity_object_id": null,
        "value_multi_option": []
    }
},
{
    "model": "catalogue.productattributevalue",
    "pk": 11,
    "fields": {
        "attribute": 1,
        "product": 5,
        "value_text": "Mercury Quicksilver",
        "value_integer": null,
        "value_boolean": null,
        "value_float": null,
        "value_richtext": null,
        "value_date": null,
        "value_datetime": null,
        "value_option": null,
        "value_file": "",
        "value_image": "",
        "entity_content_type": null,
        "entity_object_id": null,
        "value_multi_option": []
    }
},
{
    "model": "catalogue.productattributevalue",
    "pk": 12,
    "fields": {
        "attribute": 3,
        "product": 5,
        "value_text": "#2",
        "value_integer": null,
        "value_boolean": null,
        "value_float": null,
        "value_richtext": null,
        "value_date": null,
        "value_datetime": null,
        "value_option": null,
        "value_file": "",
        "value_image": "",
        "entity_content_type": null,
        "entity_object_id": null,
        "value_multi_option": []
    }
},
{
    "model": "catalogue.productattributevalue",
    "pk": 13,
    "fields": {
        "attribute": 2,
        "product": 6,
        "value_text": "25-832499",
        "value_integer": null,
        "value_boolean": null,
        "value_float": null,
        "value_richtext": null,
        "value_date": null,
        "value_datetime": null,
        "value_option": null,
        "value_file": "",
        "value_image": "",
        "entity_content_type": null,
        "entity_object_id": null,
        "value_multi_option": []
    }
},
{
    "model": "catalogue.productattributevalue",
    "pk": 14,
    "fields": {
        "attribute": 1,
        "product": 6,
        "value_text": "Mercury Quicksilver",
        "value_integer": null,
        "value_boolean": null,
        "value_float": null,
        "value_richtext": null,
        "value_date": null,
        "value_datetime": null,
        "value_option": null,
        "value_file": "",
        "value_image": "",
        "entity_content_type": null,
        "entity_object_id": null,
        "value_multi_option": []
    }
},
{
    "model": "catalogue.productattributevalue",
    "pk": 15,
    "fields": {
        "attribute": 3,
        "product": 6,
        "value_text": "#3",
        "value_integer": null,
        "value_boolean": null,
        "value_float": null,
        "value_richtext": null,
        "value_date": null,
        "value_datetime": null,
        "value_option": null,
        "value_file": "",
        "value_image": "",
        "entity_content_type": null,
        "entity_object_id": null,
        "value_multi_option": []
    }
},
{
    "model": "catalogue.productattributevalue",
    "pk": 16,
    "fields": {
        "attribute": 2,
        "product": 7,
        "value_text": "11-832501",
        "value_integer": null,
        "value_boolean": null,
        "value_float": null,
        "value_richtext": null,
        "value_date": null,
        "value_datetime": null,
        "value_option": null,
        "value_file": "",
        "value_image": "",
        "entity_content_type": null,
        "entity_object_id": null,
        "value_multi_option": []
    }
},
{
    "model": "catalogue.productattributevalue",
    "pk": 17,
    "fields": {
        "attribute": 1,
        "product": 7,
        "value_text": "Mercury Quicksilver",
        "value_integer": null,
        "value_boolean": null,
        "value_float": null,
        "value_richtext": null,
        "value_date": null,
        "value_datetime": null,
        "value_option": null,
        "value_file": "",
        "value_image": "",
        "entity_content_type": null,
        "entity_object_id": null,
        "value_multi_option": []
    }
},
{
    "model": "catalogue.productattributevalue",
    "pk": 18,
    "fields": {
        "attribute": 3,
        "product": 7,
        "value_text": "#4",
        "value_integer": null,
        "value_boolean": null,
        "value_float": null,
        "value_richtext": null,
        "value_date": null,
        "value_datetime": null,
        "value_option": null,
        "value_file": "",
        "value_image": "",
        "entity_content_type": null,
        "entity_object_id": null,
        "value_multi_option": []
    }
},
{
    "model": "catalogue.productattributevalue",
    "pk": 19,
    "fields": {
        "attribute": 2,
        "product": 8,
        "value_text": "832502A 1",
        "value_integer": null,
        "value_boolean": null,
        "value_float": null,
        "value_richtext": null,
        "value_date": null,
        "value_datetime": null,
        "value_option": null,
        "value_file": "",
        "value_image": "",
        "entity_content_type": null,
        "entity_object_id": null,
        "value_multi_option": []
    }
},
{
    "model": "catalogue.productattributevalue",
    "pk": 20,
    "fields": {
        "attribute": 1,
        "product": 8,
        "value_text": "Mercury Quicksilver",
        "value_integer": null,
        "value_boolean": null,
        "value_float": null,
        "value_richtext": null,
        "value_date": null,
        "value_datetime": null,
        "value_option": null,
        "value_file": "",
        "value_image": "",
        "entity_content_type": null,
        "entity_object_id": null,
        "value_multi_option": []
    }
},
{
    "model": "catalogue.productattributevalue",
    "pk": 21,
    "fields": {
        "attribute": 3,
        "product": 8,
        "value_text": "#5",
        "value_integer": null,
        "value_boolean": null,
        "value_float": null,
        "value_richtext": null,
        "value_date": null,
        "value_datetime": null,
        "value_option": null,
        "value_file": "",
        "value_image": "",
        "entity_content_type": null,
        "entity_object_id": null,
        "value_multi_option": []
    }
},
{
    "model": "catalogue.productattributevalue",
    "pk": 22,
    "fields": {
        "attribute": 2,
        "product": 9,
        "value_text": "832502A 2",
        "value_integer": null,
        "value_boolean": null,
        "value_float": null,
        "value_richtext": null,
        "value_date": null,
        "value_datetime": null,
        "value_option": null,
        "value_file": "",
        "value_image": "",
        "entity_content_type": null,
        "entity_object_id": null,
        "value_multi_option": []
    }
},
{
    "model": "catalogue.productattributevalue",
    "pk": 23,
    "fields": {
        "attribute": 1,
        "product": 9,
        "value_text": "Mercury Quicksilver",
        "value_integer": null,
        "value_boolean": null,
        "value_float": null,
        "value_richtext": null,
        "value_date": null,
        "value_datetime": null,
        "value_option": null,
        "value_file": "",
        "value_image": "",
        "entity_content_type": null,
        "entity_object_id": null,
        "value_multi_option": []
    }
},
{
    "model": "catalogue.productattributevalue",
    "pk": 24,
    "fields": {
        "attribute": 3,
        "product": 9,
        "value_text": "#5",
        "value_integer": null,
        "value_boolean": null,
        "value_float": null,
        "value_richtext": null,
        "value_date": null,
        "value_datetime": null,
        "value_option": null,
        "value_file": "",
        "value_image": "",
        "entity_content_type": null,
        "entity_object_id": null,
        "value_multi_option": []
    }
},
{
    "model": "catalogue.productattributevalue",
    "pk": 25,
    "fields": {
        "attribute": 2,
        "product": 10,
        "value_text": "10-832362",
        "value_integer": null,
        "value_boolean": null,
        "value_float": null,
        "value_richtext": null,
        "value_date": null,
        "value_datetime": null,
        "value_option": null,
        "value_file": "",
        "value_image": "",
        "entity_content_type": null,
        "entity_object_id": null,
        "value_multi_option": []
    }
},
{
    "model": "catalogue.productattributevalue",
    "pk": 26,
    "fields": {
        "attribute": 1,
        "product": 10,
        "value_text": "Mercury Quicksilver",
        "value_integer": null,
        "value_boolean": null,
        "value_float": null,
        "value_richtext": null,
        "value_date": null,
        "value_datetime": null,
        "value_option": null,
        "value_file": "",
        "value_image": "",
        "entity_content_type": null,
        "entity_object_id": null,
        "value_multi_option": []
    }
},
{
    "model": "catalogue.productattributevalue",
    "pk": 27,
    "fields": {
        "attribute": 3,
        "product": 10,
        "value_text": "#6",
        "value_integer": null,
        "value_boolean": null,
        "value_float": null,
        "value_richtext": null,
        "value_date": null,
        "value_datetime": null,
        "value_option": null,
        "value_file": "",
        "value_image": "",
        "entity_content_type": null,
        "entity_object_id": null,
        "value_multi_option": []
    }
},
{
    "model": "catalogue.productattributevalue",
    "pk": 28,
    "fields": {
        "attribute": 2,
        "product": 11,
        "value_text": "10-832370",
        "value_integer": null,
        "value_boolean": null,
        "value_float": null,
        "value_richtext": null,
        "value_date": null,
        "value_datetime": null,
        "value_option": null,
        "value_file": "",
        "value_image": "",
        "entity_content_type": null,
        "entity_object_id": null,
        "value_multi_option": []
    }
},
{
    "model": "catalogue.productattributevalue",
    "pk": 29,
    "fields": {
        "attribute": 1,
        "product": 11,
        "value_text": "Mercury Quicksilver",
        "value_integer": null,
        "value_boolean": null,
        "value_float": null,
        "value_richtext": null,
        "value_date": null,
        "value_datetime": null,
        "value_option": null,
        "value_file": "",
        "value_image": "",
        "entity_content_type": null,
        "entity_object_id": null,
        "value_multi_option": []
    }
},
{
    "model": "catalogue.productattributevalue",
    "pk": 30,
    "fields": {
        "attribute": 3,
        "product": 11,
        "value_text": "#7",
        "value_integer": null,
        "value_boolean": null,
        "value_float": null,
        "value_richtext": null,
        "value_date": null,
        "value_datetime": null,
        "value_option": null,
        "value_file": "",
        "value_image": "",
        "entity_content_type": null,
        "entity_object_id": null,
        "value_multi_option": []
    }
},
{
    "model": "catalogue.productattributevalue",
    "pk": 31,
    "fields": {
        "attribute": 2,
        "product": 12,
        "value_text": "10-832371",
        "value_integer": null,
        "value_boolean": null,
        "value_float": null,
        "value_richtext": null,
        "value_date": null,
        "value_datetime": null,
        "value_option": null,
        "value_file": "",
        "value_image": "",
        "entity_content_type": null,
        "entity_object_id": null,
        "value_multi_option": []
    }
},
{
    "model": "catalogue.productattributevalue",
    "pk": 32,
    "fields": {
        "attribute": 1,
        "product": 12,
        "value_text": "Mercury Quicksilver",
        "value_integer": null,
        "value_boolean": null,
        "value_float": null,
        "value_richtext": null,
        "value_date": null,
        "value_datetime": null,
        "value_option": null,
        "value_file": "",
        "value_image": "",
        "entity_content_type": null,
        "entity_object_id": null,
        "value_multi_option": []
    }
},
{
    "model": "catalogue.productattributevalue",
    "pk": 33,
    "fields": {
        "attribute": 3,
        "product": 12,
        "value_text": "#8",
        "value_integer": null,
        "value_boolean": null,
        "value_float": null,
        "value_richtext": null,
        "value_date": null,
        "value_datetime": null,
        "value_option": null,
        "value_file": "",
        "value_image": "",
        "entity_content_type": null,
        "entity_object_id": null,
        "value_multi_option": []
    }
},
{
    "model": "catalogue.productattributevalue",
    "pk": 34,
    "fields": {
        "attribute": 2,
        "product": 13,
        "value_text": "10-832392",
        "value_integer": null,
        "value_boolean": null,
        "value_float": null,
        "value_richtext": null,
        "value_date": null,
        "value_datetime": null,
        "value_option": null,
        "value_file": "",
        "value_image": "",
        "entity_content_type": null,
        "entity_object_id": null,
        "value_multi_option": []
    }
},
{
    "model": "catalogue.productattributevalue",
    "pk": 35,
    "fields": {
        "attribute": 1,
        "product": 13,
        "value_text": "Mercury Quicksilver",
        "value_integer": null,
        "value_boolean": null,
        "value_float": null,
        "value_richtext": null,
        "value_date": null,
        "value_datetime": null,
        "value_option": null,
        "value_file": "",
        "value_image": "",
        "entity_content_type": null,
        "entity_object_id": null,
        "value_multi_option": []
    }
},
{
    "model": "catalogue.productattributevalue",
    "pk": 36,
    "fields": {
        "attribute": 3,
        "product": 13,
        "value_text": "#9",
        "value_integer": null,
        "value_boolean": null,
        "value_float": null,
        "value_richtext": null,
        "value_date": null,
        "value_datetime": null,
        "value_option": null,
        "value_file": "",
        "value_image": "",
        "entity_content_type": null,
        "entity_object_id": null,
        "value_multi_option": []
    }
},
{
    "model": "catalogue.productattributevalue",
    "pk": 37,
    "fields": {
        "attribute": 2,
        "product": 14,
        "value_text": "832483",
        "value_integer": null,
        "value_boolean": null,
        "value_float": null,
        "value_richtext": null,
        "value_date": null,
        "value_datetime": null,
        "value_option": null,
        "value_file": "",
        "value_image": "",
        "entity_content_type": null,
        "entity_object_id": null,
        "value_multi_option": []
    }
},
{
    "model": "catalogue.productattributevalue",
    "pk": 38,
    "fields": {
        "attribute": 1,
        "product": 14,
        "value_text": "Mercury Quicksilver",
        "value_integer": null,
        "value_boolean": null,
        "value_float": null,
        "value_richtext": null,
        "value_date": null,
        "value_datetime": null,
        "value_option": null,
        "value_file": "",
        "value_image": "",
        "entity_content_type": null,
        "entity_object_id": null,
        "value_multi_option": []
    }
},
{
    "model": "catalogue.productattributevalue",
    "pk": 39,
    "fields": {
        "attribute": 3,
        "product": 14,
        "value_text": "#10",
        "value_integer": null,
        "value_boolean": null,
        "value_float": null,
        "value_richtext": null,
        "value_date": null,
        "value_datetime": null,
        "value_option": null,
        "value_file": "",
        "value_image": "",
        "entity_content_type": null,
        "entity_object_id": null,
        "value_multi_option": []
    }
},
{
    "model": "catalogue.productattributevalue",
    "pk": 40,
    "fields": {
        "attribute": 2,
        "product": 15,
        "value_text": "50-832486",
        "value_integer": null,
        "value_boolean": null,
        "value_float": null,
        "value_richtext": null,
        "value_date": null,
        "value_datetime": null,
        "value_option": null,
        "value_file": "",
        "value_image": "",
        "entity_content_type": null,
        "entity_object_id": null,
        "value_multi_option": []
    }
},
{
    "model": "catalogue.productattributevalue",
    "pk": 41,
    "fields": {
        "attribute": 1,
        "product": 15,
        "value_text": "Mercury Quicksilver",
        "value_integer": null,
        "value_boolean": null,
        "value_float": null,
        "value_richtext": null,
        "value_date": null,
        "value_datetime": null,
        "value_option": null,
        "value_file": "",
        "value_image": "",
        "entity_content_type": null,
        "entity_object_id": null,
        "value_multi_option": []
    }
},
{
    "model": "catalogue.productattributevalue",
    "pk": 42,
    "fields": {
        "attribute": 3,
        "product": 15,
        "value_text": "#11",
        "value_integer": null,
        "value_boolean": null,
        "value_float": null,
        "value_richtext": null,
        "value_date": null,
        "value_datetime": null,
        "value_option": null,
        "value_file": "",
        "value_image": "",
        "entity_content_type": null,
        "entity_object_id": null,
        "value_multi_option": []
    }
},
{
    "model": "catalogue.productattributevalue",
    "pk": 43,
    "fields": {
        "attribute": 2,
        "product": 16,
        "value_text": "832487",
        "value_integer": null,
        "value_boolean": null,
        "value_float": null,
        "value_richtext": null,
        "value_date": null,
        "value_datetime": null,
        "value_option": null,
        "value_file": "",
        "value_image": "",
        "entity_content_type": null,
        "entity_object_id": null,
        "value_multi_option": []
    }
},
{
    "model": "catalogue.productattributevalue",
    "pk": 44,
    "fields": {
        "attribute": 1,
        "product": 16,
        "value_text": "Mercury Quicksilver",
        "value_integer": null,
        "value_boolean": null,
        "value_float": null,
        "value_richtext": null,
        "value_date": null,
        "value_datetime": null,
        "value_option": null,
        "value_file": "",
        "value_image": "",
        "entity_content_type": null,
        "entity_object_id": null,
        "value_multi_option": []
    }
},
{
    "model": "catalogue.productattributevalue",
    "pk": 45,
    "fields": {
        "attribute": 3,
        "product": 16,
        "value_text": "#12",
        "value_integer": null,
        "value_boolean": null,
        "value_float": null,
        "value_richtext": null,
        "value_date": null,
        "value_datetime": null,
        "value_option": null,
        "value_file": "",
        "value_image": "",
        "entity_content_type": null,
        "entity_object_id": null,
        "value_multi_option": []
    }
},
{
    "model": "catalogue.productattributevalue",
    "pk": 46,
    "fields": {
        "attribute": 2,
        "product": 17,
        "value_text": "29071A",
        "value_integer": null,
        "value_boolean": null,
        "value_float": null,
        "value_richtext": null,
        "value_date": null,
        "value_datetime": null,
        "value_option": null,
        "value_file": "",
        "value_image": "",
        "entity_content_type": null,
        "entity_object_id": null,
        "value_multi_option": []
    }
},
{
    "model": "catalogue.productattributevalue",
    "pk": 47,
    "fields": {
        "attribute": 1,
        "product": 17,
        "value_text": "Mercury Quicksilver",
        "value_integer": null,
        "value_boolean": null,
        "value_float": null,
        "value_richtext": null,
        "value_date": null,
        "value_datetime": null,
        "value_option": null,
        "value_file": "",
        "value_image": "",
        "entity_content_type": null,
        "entity_object_id": null,
        "value_multi_option": []
    }
},
{
    "model": "catalogue.productattributevalue",
    "pk": 48,
    "fields": {
        "attribute": 3,
        "product": 17,
        "value_text": "#0     ",
        "value_integer": null,
        "value_boolean": null,
        "value_float": null,
        "value_richtext": null,
        "value_date": null,
        "value_datetime": null,
        "value_option": null,
        "value_file": "",
        "value_image": "",
        "entity_content_type": null,
        "entity_object_id": null,
        "value_multi_option": []
    }
},
{
    "model": "catalogue.productattributevalue",
    "pk": 49,
    "fields": {
        "attribute": 2,
        "product": 18,
        "value_text": "29401A",
        "value_integer": null,
        "value_boolean": null,
        "value_float": null,
        "value_richtext": null,
        "value_date": null,
        "value_datetime": null,
        "value_option": null,
        "value_file": "",
        "value_image": "",
        "entity_content_type": null,
        "entity_object_id": null,
        "value_multi_option": []
    }
},
{
    "model": "catalogue.productattributevalue",
    "pk": 50,
    "fields": {
        "attribute": 1,
        "product": 18,
        "value_text": "Mercury Quicksilver",
        "value_integer": null,
        "value_boolean": null,
        "value_float": null,
        "value_richtext": null,
        "value_date": null,
        "value_datetime": null,
        "value_option": null,
        "value_file": "",
        "value_image": "",
        "entity_content_type": null,
        "entity_object_id": null,
        "value_multi_option": []
    }
},
{
    "model": "catalogue.productattributevalue",
    "pk": 51,
    "fields": {
        "attribute": 3,
        "product": 18,
        "value_text": "#0     ",
        "value_integer": null,
        "value_boolean": null,
        "value_float": null,
        "value_richtext": null,
        "value_date": null,
        "value_datetime": null,
        "value_option": null,
        "value_file": "",
        "value_image": "",
        "entity_content_type": null,
        "entity_object_id": null,
        "value_multi_option": []
    }
},
{
    "model": "catalogue.productattributevalue",
    "pk": 52,
    "fields": {
        "attribute": 2,
        "product": 19,
        "value_text": "32402A",
        "value_integer": null,
        "value_boolean": null,
        "value_float": null,
        "value_richtext": null,
        "value_date": null,
        "value_datetime": null,
        "value_option": null,
        "value_file": "",
        "value_image": "",
        "entity_content_type": null,
        "entity_object_id": null,
        "value_multi_option": []
    }
},
{
    "model": "catalogue.productattributevalue",
    "pk": 53,
    "fields": {
        "attribute": 1,
        "product": 19,
        "value_text": "Mercury Quicksilver",
        "value_integer": null,
        "value_boolean": null,
        "value_float": null,
        "value_richtext": null,
        "value_date": null,
        "value_datetime": null,
        "value_option": null,
        "value_file": "",
        "value_image": "",
        "entity_content_type": null,
        "entity_object_id": null,
        "value_multi_option": []
    }
},
{
    "model": "catalogue.productattributevalue",
    "pk": 54,
    "fields": {
        "attribute": 3,
        "product": 19,
        "value_text": "#0     ",
        "value_integer": null,
        "value_boolean": null,
        "value_float": null,
        "value_richtext": null,
        "value_date": null,
        "value_datetime": null,
        "value_option": null,
        "value_file": "",
        "value_image": "",
        "entity_content_type": null,
        "entity_object_id": null,
        "value_multi_option": []
    }
},
{
    "model": "catalogue.productattributevalue",
    "pk": 55,
    "fields": {
        "attribute": 2,
        "product": 20,
        "value_text": "32401A",
        "value_integer": null,
        "value_boolean": null,
        "value_float": null,
        "value_richtext": null,
        "value_date": null,
        "value_datetime": null,
        "value_option": null,
        "value_file": "",
        "value_image": "",
        "entity_content_type": null,
        "entity_object_id": null,
        "value_multi_option": []
    }
},
{
    "model": "catalogue.productattributevalue",
    "pk": 56,
    "fields": {
        "attribute": 1,
        "product": 20,
        "value_text": "Mercury Quicksilver",
        "value_integer": null,
        "value_boolean": null,
        "value_float": null,
        "value_richtext": null,
        "value_date": null,
        "value_datetime": null,
        "value_option": null,
        "value_file": "",
        "value_image": "",
        "entity_content_type": null,
        "entity_object_id": null,
        "value_multi_option": []
    }
},
{
    "model": "catalogue.productattributevalue",
    "pk": 57,
    "fields": {
        "attribute": 3,
        "product": 20,
        "value_text": "#0     ",
        "value_integer": null,
        "value_boolean": null,
        "value_float": null,
        "value_richtext": null,
        "value_date": null,
        "value_datetime": null,
        "value_option": null,
        "value_file": "",
        "value_image": "",
        "entity_content_type": null,
        "entity_object_id": null,
        "value_multi_option": []
    }
},
{
    "model": "catalogue.productattributevalue",
    "pk": 58,
    "fields": {
        "attribute": 2,
        "product": 21,
        "value_text": "34659A",
        "value_integer": null,
        "value_boolean": null,
        "value_float": null,
        "value_richtext": null,
        "value_date": null,
        "value_datetime": null,
        "value_option": null,
        "value_file": "",
        "value_image": "",
        "entity_content_type": null,
        "entity_object_id": null,
        "value_multi_option": []
    }
},
{
    "model": "catalogue.productattributevalue",
    "pk": 59,
    "fields": {
        "attribute": 1,
        "product": 21,
        "value_text": "Mercury Quicksilver",
        "value_integer": null,
        "value_boolean": null,
        "value_float": null,
        "value_richtext": null,
        "value_date": null,
        "value_datetime": null,
        "value_option": null,
        "value_file": "",
        "value_image": "",
        "entity_content_type": null,
        "entity_object_id": null,
        "value_multi_option": []
    }
},
{
    "model": "catalogue.productattributevalue",
    "pk": 60,
    "fields": {
        "attribute": 3,
        "product": 21,
        "value_text": "#0     ",
        "value_integer": null,
        "value_boolean": null,
        "value_float": null,
        "value_richtext": null,
        "value_date": null,
        "value_datetime": null,
        "value_option": null,
        "value_file": "",
        "value_image": "",
        "entity_content_type": null,
        "entity_object_id": null,
        "value_multi_option": []
    }
},
{
    "model": "catalogue.productattributevalue",
    "pk": 61,
    "fields": {
        "attribute": 2,
        "product": 22,
        "value_text": "34659A",
        "value_integer": null,
        "value_boolean": null,
        "value_float": null,
        "value_richtext": null,
        "value_date": null,
        "value_datetime": null,
        "value_option": null,
        "value_file": "",
        "value_image": "",
        "entity_content_type": null,
        "entity_object_id": null,
        "value_multi_option": []
    }
},
{
    "model": "catalogue.productattributevalue",
    "pk": 62,
    "fields": {
        "attribute": 1,
        "product": 22,
        "value_text": "Mercury Quicksilver",
        "value_integer": null,
        "value_boolean": null,
        "value_float": null,
        "value_richtext": null,
        "value_date": null,
        "value_datetime": null,
        "value_option": null,
        "value_file": "",
        "value_image": "",
        "entity_content_type": null,
        "entity_object_id": null,
        "value_multi_option": []
    }
},
{
    "model": "catalogue.productattributevalue",
    "pk": 63,
    "fields": {
        "attribute": 3,
        "product": 22,
        "value_text": "#0     ",
        "value_integer": null,
        "value_boolean": null,
        "value_float": null,
        "value_richtext": null,
        "value_date": null,
        "value_datetime": null,
        "value_option": null,
        "value_file": "",
        "value_image": "",
        "entity_content_type": null,
        "entity_object_id": null,
        "value_multi_option": []
    }
},
{
    "model": "catalogue.productattributevalue",
    "pk": 64,
    "fields": {
        "attribute": 2,
        "product": 23,
        "value_text": "32399A",
        "value_integer": null,
        "value_boolean": null,
        "value_float": null,
        "value_richtext": null,
        "value_date": null,
        "value_datetime": null,
        "value_option": null,
        "value_file": "",
        "value_image": "",
        "entity_content_type": null,
        "entity_object_id": null,
        "value_multi_option": []
    }
},
{
    "model": "catalogue.productattributevalue",
    "pk": 65,
    "fields": {
        "attribute": 1,
        "product": 23,
        "value_text": "Mercury Quicksilver",
        "value_integer": null,
        "value_boolean": null,
        "value_float": null,
        "value_richtext": null,
        "value_date": null,
        "value_datetime": null,
        "value_option": null,
        "value_file": "",
        "value_image": "",
        "entity_content_type": null,
        "entity_object_id": null,
        "value_multi_option": []
    }
},
{
    "model": "catalogue.productattributevalue",
    "pk": 66,
    "fields": {
        "attribute": 3,
        "product": 23,
        "value_text": "#0     ",
        "value_integer": null,
        "value_boolean": null,
        "value_float": null,
        "value_richtext": null,
        "value_date": null,
        "value_datetime": null,
        "value_option": null,
        "value_file": "",
        "value_image": "",
        "entity_content_type": null,
        "entity_object_id": null,
        "value_multi_option": []
    }
},
{
    "model": "catalogue.productattributevalue",
    "pk": 67,
    "fields": {
        "attribute": 2,
        "product": 24,
        "value_text": "49003A",
        "value_integer": null,
        "value_boolean": null,
        "value_float": null,
        "value_richtext": null,
        "value_date": null,
        "value_datetime": null,
        "value_option": null,
        "value_file": "",
        "value_image": "",
        "entity_content_type": null,
        "entity_object_id": null,
        "value_multi_option": []
    }
},
{
    "model": "catalogue.productattributevalue",
    "pk": 68,
    "fields": {
        "attribute": 1,
        "product": 24,
        "value_text": "Mercury Quicksilver",
        "value_integer": null,
        "value_boolean": null,
        "value_float": null,
        "value_richtext": null,
        "value_date": null,
        "value_datetime": null,
        "value_option": null,
        "value_file": "",
        "value_image": "",
        "entity_content_type": null,
        "entity_object_id": null,
        "value_multi_option": []
    }
},
{
    "model": "catalogue.productattributevalue",
    "pk": 69,
    "fields": {
        "attribute": 3,
        "product": 24,
        "value_text": "#0     ",
        "value_integer": null,
        "value_boolean": null,
        "value_float": null,
        "value_richtext": null,
        "value_date": null,
        "value_datetime": null,
        "value_option": null,
        "value_file": "",
        "value_image": "",
        "entity_content_type": null,
        "entity_object_id": null,
        "value_multi_option": []
    }
},
{
    "model": "catalogue.productattributevalue",
    "pk": 70,
    "fields": {
        "attribute": 2,
        "product": 25,
        "value_text": "49003A",
        "value_integer": null,
        "value_boolean": null,
        "value_float": null,
        "value_richtext": null,
        "value_date": null,
        "value_datetime": null,
        "value_option": null,
        "value_file": "",
        "value_image": "",
        "entity_content_type": null,
        "entity_object_id": null,
        "value_multi_option": []
    }
},
{
    "model": "catalogue.productattributevalue",
    "pk": 71,
    "fields": {
        "attribute": 1,
        "product": 25,
        "value_text": "Mercury Quicksilver",
        "value_integer": null,
        "value_boolean": null,
        "value_float": null,
        "value_richtext": null,
        "value_date": null,
        "value_datetime": null,
        "value_option": null,
        "value_file": "",
        "value_image": "",
        "entity_content_type": null,
        "entity_object_id": null,
        "value_multi_option": []
    }
},
{
    "model": "catalogue.productattributevalue",
    "pk": 72,
    "fields": {
        "attribute": 3,
        "product": 25,
        "value_text": "#0     ",
        "value_integer": null,
        "value_boolean": null,
        "value_float": null,
        "value_richtext": null,
        "value_date": null,
        "value_datetime": null,
        "value_option": null,
        "value_file": "",
        "value_image": "",
        "entity_content_type": null,
        "entity_object_id": null,
        "value_multi_option": []
    }
},
{
    "model": "catalogue.productattributevalue",
    "pk": 73,
    "fields": {
        "attribute": 2,
        "product": 26,
        "value_text": "49003A",
        "value_integer": null,
        "value_boolean": null,
        "value_float": null,
        "value_richtext": null,
        "value_date": null,
        "value_datetime": null,
        "value_option": null,
        "value_file": "",
        "value_image": "",
        "entity_content_type": null,
        "entity_object_id": null,
        "value_multi_option": []
    }
},
{
    "model": "catalogue.productattributevalue",
    "pk": 74,
    "fields": {
        "attribute": 1,
        "product": 26,
        "value_text": "Mercury Quicksilver",
        "value_integer": null,
        "value_boolean": null,
        "value_float": null,
        "value_richtext": null,
        "value_date": null,
        "value_datetime": null,
        "value_option": null,
        "value_file": "",
        "value_image": "",
        "entity_content_type": null,
        "entity_object_id": null,
        "value_multi_option": []
    }
},
{
    "model": "catalogue.productattributevalue",
    "pk": 75,
    "fields": {
        "attribute": 3,
        "product": 26,
        "value_text": "#0     ",
        "value_integer": null,
        "value_boolean": null,
        "value_float": null,
        "value_richtext": null,
        "value_date": null,
        "value_datetime": null,
        "value_option": null,
        "value_file": "",
        "value_image": "",
        "entity_content_type": null,
        "entity_object_id": null,
        "value_multi_option": []
    }
},
{
    "model": "catalogue.productattributevalue",
    "pk": 76,
    "fields": {
        "attribute": 2,
        "product": 27,
        "value_text": "32400A",
        "value_integer": null,
        "value_boolean": null,
        "value_float": null,
        "value_richtext": null,
        "value_date": null,
        "value_datetime": null,
        "value_option": null,
        "value_file": "",
        "value_image": "",
        "entity_content_type": null,
        "entity_object_id": null,
        "value_multi_option": []
    }
},
{
    "model": "catalogue.productattributevalue",
    "pk": 77,
    "fields": {
        "attribute": 1,
        "product": 27,
        "value_text": "Mercury Quicksilver",
        "value_integer": null,
        "value_boolean": null,
        "value_float": null,
        "value_richtext": null,
        "value_date": null,
        "value_datetime": null,
        "value_option": null,
        "value_file": "",
        "value_image": "",
        "entity_content_type": null,
        "entity_object_id": null,
        "value_multi_option": []
    }
},
{
    "model": "catalogue.productattributevalue",
    "pk": 78,
    "fields": {
        "attribute": 3,
        "product": 27,
        "value_text": "#0     ",
        "value_integer": null,
        "value_boolean": null,
        "value_float": null,
        "value_richtext": null,
        "value_date": null,
        "value_datetime": null,
        "value_option": null,
        "value_file": "",
        "value_image": "",
        "entity_content_type": null,
        "entity_object_id": null,
        "value_multi_option": []
    }
},
{
    "model": "catalogue.productattributevalue",
    "pk": 79,
    "fields": {
        "attribute": 2,
        "product": 28,
        "value_text": "49004A",
        "value_integer": null,
        "value_boolean": null,
        "value_float": null,
        "value_richtext": null,
        "value_date": null,
        "value_datetime": null,
        "value_option": null,
        "value_file": "",
        "value_image": "",
        "entity_content_type": null,
        "entity_object_id": null,
        "value_multi_option": []
    }
},
{
    "model": "catalogue.productattributevalue",
    "pk": 80,
    "fields": {
        "attribute": 1,
        "product": 28,
        "value_text": "Mercury Quicksilver",
        "value_integer": null,
        "value_boolean": null,
        "value_float": null,
        "value_richtext": null,
        "value_date": null,
        "value_datetime": null,
        "value_option": null,
        "value_file": "",
        "value_image": "",
        "entity_content_type": null,
        "entity_object_id": null,
        "value_multi_option": []
    }
},
{
    "model": "catalogue.productattributevalue",
    "pk": 81,
    "fields": {
        "attribute": 3,
        "product": 28,
        "value_text": "#0     ",
        "value_integer": null,
        "value_boolean": null,
        "value_float": null,
        "value_richtext": null,
        "value_date": null,
        "value_datetime": null,
        "value_option": null,
        "value_file": "",
        "value_image": "",
        "entity_content_type": null,
        "entity_object_id": null,
        "value_multi_option": []
    }
},
{
    "model": "catalogue.productattributevalue",
    "pk": 82,
    "fields": {
        "attribute": 2,
        "product": 29,
        "value_text": "49004A",
        "value_integer": null,
        "value_boolean": null,
        "value_float": null,
        "value_richtext": null,
        "value_date": null,
        "value_datetime": null,
        "value_option": null,
        "value_file": "",
        "value_image": "",
        "entity_content_type": null,
        "entity_object_id": null,
        "value_multi_option": []
    }
},
{
    "model": "catalogue.productattributevalue",
    "pk": 83,
    "fields": {
        "attribute": 1,
        "product": 29,
        "value_text": "Mercury Quicksilver",
        "value_integer": null,
        "value_boolean": null,
        "value_float": null,
        "value_richtext": null,
        "value_date": null,
        "value_datetime": null,
        "value_option": null,
        "value_file": "",
        "value_image": "",
        "entity_content_type": null,
        "entity_object_id": null,
        "value_multi_option": []
    }
},
{
    "model": "catalogue.productattributevalue",
    "pk": 84,
    "fields": {
        "attribute": 3,
        "product": 29,
        "value_text": "#0     ",
        "value_integer": null,
        "value_boolean": null,
        "value_float": null,
        "value_richtext": null,
        "value_date": null,
        "value_datetime": null,
        "value_option": null,
        "value_file": "",
        "value_image": "",
        "entity_content_type": null,
        "entity_object_id": null,
        "value_multi_option": []
    }
},
{
    "model": "catalogue.productattributevalue",
    "pk": 85,
    "fields": {
        "attribute": 2,
        "product": 30,
        "value_text": "49004A",
        "value_integer": null,
        "value_boolean": null,
        "value_float": null,
        "value_richtext": null,
        "value_date": null,
        "value_datetime": null,
        "value_option": null,
        "value_file": "",
        "value_image": "",
        "entity_content_type": null,
        "entity_object_id": null,
        "value_multi_option": []
    }
},
{
    "model": "catalogue.productattributevalue",
    "pk": 86,
    "fields": {
        "attribute": 1,
        "product": 30,
        "value_text": "Mercury Quicksilver",
        "value_integer": null,
        "value_boolean": null,
        "value_float": null,
        "value_richtext": null,
        "value_date": null,
        "value_datetime": null,
        "value_option": null,
        "value_file": "",
        "value_image": "",
        "entity_content_type": null,
        "entity_object_id": null,
        "value_multi_option": []
    }
},
{
    "model": "catalogue.productattributevalue",
    "pk": 87,
    "fields": {
        "attribute": 3,
        "product": 30,
        "value_text": "#0     ",
        "value_integer": null,
        "value_boolean": null,
        "value_float": null,
        "value_richtext": null,
        "value_date": null,
        "value_datetime": null,
        "value_option": null,
        "value_file": "",
        "value_image": "",
        "entity_content_type": null,
        "entity_object_id": null,
        "value_multi_option": []
    }
},
{
    "model": "catalogue.productattributevalue",
    "pk": 88,
    "fields": {
        "attribute": 2,
        "product": 31,
        "value_text": "34667A",
        "value_integer": null,
        "value_boolean": null,
        "value_float": null,
        "value_richtext": null,
        "value_date": null,
        "value_datetime": null,
        "value_option": null,
        "value_file": "",
        "value_image": "",
        "entity_content_type": null,
        "entity_object_id": null,
        "value_multi_option": []
    }
},
{
    "model": "catalogue.productattributevalue",
    "pk": 89,
    "fields": {
        "attribute": 1,
        "product": 31,
        "value_text": "Mercury Quicksilver",
        "value_integer": null,
        "value_boolean": null,
        "value_float": null,
        "value_richtext": null,
        "value_date": null,
        "value_datetime": null,
        "value_option": null,
        "value_file": "",
        "value_image": "",
        "entity_content_type": null,
        "entity_object_id": null,
        "value_multi_option": []
    }
},
{
    "model": "catalogue.productattributevalue",
    "pk": 90,
    "fields": {
        "attribute": 3,
        "product": 31,
        "value_text": "#0     ",
        "value_integer": null,
        "value_boolean": null,
        "value_float": null,
        "value_richtext": null,
        "value_date": null,
        "value_datetime": null,
        "value_option": null,
        "value_file": "",
        "value_image": "",
        "entity_content_type": null,
        "entity_object_id": null,
        "value_multi_option": []
    }
},
{
    "model": "catalogue.productattributevalue",
    "pk": 91,
    "fields": {
        "attribute": 2,
        "product": 32,
        "value_text": "34667A",
        "value_integer": null,
        "value_boolean": null,
        "value_float": null,
        "value_richtext": null,
        "value_date": null,
        "value_datetime": null,
        "value_option": null,
        "value_file": "",
        "value_image": "",
        "entity_content_type": null,
        "entity_object_id": null,
        "value_multi_option": []
    }
},
{
    "model": "catalogue.productattributevalue",
    "pk": 92,
    "fields": {
        "attribute": 1,
        "product": 32,
        "value_text": "Mercury Quicksilver",
        "value_integer": null,
        "value_boolean": null,
        "value_float": null,
        "value_richtext": null,
        "value_date": null,
        "value_datetime": null,
        "value_option": null,
        "value_file": "",
        "value_image": "",
        "entity_content_type": null,
        "entity_object_id": null,
        "value_multi_option": []
    }
},
{
    "model": "catalogue.productattributevalue",
    "pk": 93,
    "fields": {
        "attribute": 3,
        "product": 32,
        "value_text": "#0     ",
        "value_integer": null,
        "value_boolean": null,
        "value_float": null,
        "value_richtext": null,
        "value_date": null,
        "value_datetime": null,
        "value_option": null,
        "value_file": "",
        "value_image": "",
        "entity_content_type": null,
        "entity_object_id": null,
        "value_multi_option": []
    }
},
{
    "model": "partner.partner",
    "pk": 1,
    "fields": {
        "code": "hola",
        "name": "hola",
        "users": []
    }
},
{
    "model": "partner.stockrecord",
    "pk": 1,
    "fields": {
        "product": 1,
        "partner": 1,
        "partner_sku": "sadas",
        "price_currency": "USD",
        "price_excl_tax": "0.02",
        "price_retail": "0.02",
        "cost_price": "0.01",
        "num_in_stock": 16,
        "num_allocated": null,
        "low_stock_threshold": 0,
        "date_created": "2017-12-07T13:42:34.080Z",
        "date_updated": "2017-12-07T13:42:34.080Z"
    }
},
{
    "model": "basket.basket",
    "pk": 1,
    "fields": {
        "owner": 1,
        "status": "Open",
        "date_created": "2017-11-28T13:57:02.091Z",
        "date_merged": null,
        "date_submitted": null,
        "vouchers": []
    }
}
]
